__time,/plot_data/data.0,/plot_data/data.1,/plot_data/data.10,/plot_data/data.11,/plot_data/data.12,/plot_data/data.13,/plot_data/data.14,/plot_data/data.15,/plot_data/data.16,/plot_data/data.17,/plot_data/data.18,/plot_data/data.19,/plot_data/data.2,/plot_data/data.20,/plot_data/data.21,/plot_data/data.22,/plot_data/data.23,/plot_data/data.24,/plot_data/data.25,/plot_data/data.26,/plot_data/data.27,/plot_data/data.28,/plot_data/data.29,/plot_data/data.3,/plot_data/data.30,/plot_data/data.31,/plot_data/data.32,/plot_data/data.33,/plot_data/data.34,/plot_data/data.35,/plot_data/data.36,/plot_data/data.37,/plot_data/data.38,/plot_data/data.39,/plot_data/data.4,/plot_data/data.40,/plot_data/data.41,/plot_data/data.42,/plot_data/data.43,/plot_data/data.44,/plot_data/data.45,/plot_data/data.46,/plot_data/data.47,/plot_data/data.48,/plot_data/data.49,/plot_data/data.5,/plot_data/data.50,/plot_data/data.51,/plot_data/data.52,/plot_data/data.53,/plot_data/data.54,/plot_data/data.55,/plot_data/data.56,/plot_data/data.57,/plot_data/data.58,/plot_data/data.59,/plot_data/data.6,/plot_data/data.60,/plot_data/data.61,/plot_data/data.62,/plot_data/data.63,/plot_data/data.7,/plot_data/data.8,/plot_data/data.9
1706604092.511804,1.000000000,1.000000000,0.325300008,0.766399980,-0.694244659,-0.035112038,0.184247038,3.007126000,0.316760244,0.019718968,-0.004259947,-0.006390141,-0.007911472,-0.018389542,-0.000332001,0.000579001,0.000033000,0.000000000,0.000000000,39.981610458,0.000000000,0.000000000,0.000000000,0.000728099,0.000000000,0.000000000,0.000000000,-0.000000000,0.000000000,0.000000000,-0.000000000,0.000000000,0.079963221,0.000000000,0.001736978,-0.000000000,0.000000000,0.000000000,0.000000000,0.007996322,-0.000000000,0.000000000,0.000000000,0.000000000,0.000000000,0.000000000,0.000000000,0.000000000,0.000000000,0.000000000,-0.004259947,-0.006390141,-0.018389542,-0.000555656,0.000728099,0.000033000,-0.694000006,0.000000000,0.000000000,0.000000000,0.000000000,-0.035000000,0.185000002,-3.030100107
1706604092.612505,1.000000000,1.000000000,0.325300008,0.766399980,-0.694244673,-0.035112046,0.184247011,-3.030100107,0.325300008,0.766399980,0.000240061,-0.008890102,-0.006349434,-0.014890701,-0.000081999,0.000478999,0.000433006,0.000000000,0.000000000,39.985109299,0.000000000,0.000000000,0.000000000,0.000470597,0.000000000,0.000000000,0.000000000,-0.000000000,0.000000000,0.000000000,-0.000000000,0.000000000,0.079970219,0.000000000,0.000336982,-0.000000000,0.000000000,0.000000000,0.000000000,0.007997022,-0.000000000,0.000000000,0.000000000,0.000000000,0.000000000,0.000000000,0.000000000,0.000000000,0.000000000,0.000000000,0.000240061,-0.008890102,-0.014890701,-0.000393153,0.000470597,0.000433006,-0.694000006,0.000000000,0.000000000,0.000000000,0.000000000,-0.035000000,0.185000002,-3.030100107
1706604092.712069,1.000000000,1.000000000,0.325300008,0.766399980,-0.694244694,-0.035112056,0.184246946,-3.030100107,0.325300008,0.766399980,-0.003260067,-0.003890179,-0.000674351,-0.001390488,0.000018001,0.000328998,0.000183007,0.000000000,0.000000000,39.998609512,0.000000000,0.000000000,0.000000000,0.000443101,0.000000000,0.000000000,0.000000000,-0.000000000,0.000000000,0.000000000,-0.000000000,0.000000000,0.079997219,0.000000000,0.001487033,-0.000000000,0.000000000,0.000000000,0.000000000,0.007999722,-0.000000000,0.000000000,0.000000000,0.000000000,0.000000000,0.000000000,0.000000000,0.000000000,0.000000000,0.000000000,-0.003260067,-0.003890179,-0.001390488,-0.000118156,0.000443101,0.000183007,-0.694000006,0.000000000,0.000000000,0.000000000,0.000000000,-0.035000000,0.185000002,-3.030100107
1706604092.812568,1.000000000,1.000000000,0.325300008,0.766399980,-0.694244777,-0.035112094,0.184246691,-3.030100107,0.325300008,0.766399980,0.004740021,-0.013890026,-0.002724687,-0.005391342,-0.000081999,-0.000071003,-0.000117002,0.000000000,0.000000000,39.994608658,0.000000000,0.000000000,0.000000000,-0.000236903,0.000000000,0.000000000,0.000000000,-0.000000000,0.000000000,0.000000000,-0.000000000,0.000000000,0.079989217,0.000000000,-0.002013010,-0.000000000,0.000000000,0.000000000,0.000000000,0.007998922,-0.000000000,0.000000000,0.000000000,0.000000000,0.000000000,0.000000000,0.000000000,0.000000000,0.000000000,0.000000000,0.004740021,-0.013890026,-0.005391342,-0.000568150,-0.000236903,-0.000117002,-0.694000006,0.000000000,0.000000000,0.000000000,0.000000000,-0.035000000,0.185000002,-3.030100107
1706604092.912637,1.000000000,1.000000000,0.325300008,0.766399980,-0.694244752,-0.035112083,0.184246767,-3.030100107,0.325300008,0.766399980,0.000739977,-0.011389969,-0.001637124,-0.002891190,-0.000081999,-0.000071000,-0.000367007,0.000000000,0.000000000,39.997108810,0.000000000,0.000000000,0.000000000,-0.000096899,0.000000000,0.000000000,0.000000000,-0.000000000,0.000000000,0.000000000,-0.000000000,0.000000000,0.079994218,0.000000000,-0.000662998,-0.000000000,0.000000000,0.000000000,0.000000000,0.007999422,-0.000000000,0.000000000,0.000000000,0.000000000,0.000000000,0.000000000,0.000000000,0.000000000,0.000000000,0.000000000,0.000739977,-0.011389969,-0.002891190,-0.000480648,-0.000096899,-0.000367007,-0.694000006,0.000000000,0.000000000,0.000000000,0.000000000,-0.035000000,0.185000002,-3.030100107
1706604093.012634,1.000000000,1.000000000,0.325300008,0.766399980,-0.694244768,-0.035112090,0.184246720,-3.030100107,0.325300008,0.766399980,-0.006259993,-0.014889763,-0.002959873,-0.005891830,-0.000081999,0.000379001,-0.000517008,0.000000000,0.000000000,39.994108170,0.000000000,0.000000000,0.000000000,0.000598100,0.000000000,0.000000000,0.000000000,-0.000000000,0.000000000,0.000000000,-0.000000000,0.000000000,0.079988216,0.000000000,0.001986989,-0.000000000,0.000000000,0.000000000,0.000000000,0.007998822,-0.000000000,0.000000000,0.000000000,0.000000000,0.000000000,0.000000000,0.000000000,0.000000000,0.000000000,0.000000000,-0.006259993,-0.014889763,-0.005891830,-0.000603141,0.000598100,-0.000517008,-0.694000006,0.000000000,0.000000000,0.000000000,0.000000000,-0.035000000,0.185000002,-3.030100107
1706604093.112457,1.000000000,1.000000000,0.325300008,0.766399980,-0.694244749,-0.035112081,0.184246776,-3.030100107,0.325300008,0.766399980,-0.002259949,-0.013889931,-0.002124819,-0.003391678,-0.000282000,0.000178997,-0.000567008,0.000000000,0.000000000,39.996608322,0.000000000,0.000000000,0.000000000,0.000258095,0.000000000,0.000000000,0.000000000,-0.000000000,0.000000000,0.000000000,-0.000000000,0.000000000,0.079993217,0.000000000,0.000336972,-0.000000000,0.000000000,0.000000000,0.000000000,0.007999322,-0.000000000,0.000000000,0.000000000,0.000000000,0.000000000,0.000000000,0.000000000,0.000000000,0.000000000,0.000000000,-0.002259949,-0.013889931,-0.003391678,-0.000768147,0.000258095,-0.000567008,-0.694000006,0.000000000,0.000000000,0.000000000,0.000000000,-0.035000000,0.185000002,-3.030100107
1706604093.212610,1.000000000,1.000000000,0.325300008,0.766399980,-0.694244764,-0.035112088,0.184246729,-3.030100107,0.325300008,0.766399980,-0.005259970,-0.007889984,-0.001364430,-0.002390701,-0.000132000,0.000328998,-0.000517002,0.000000000,0.000000000,39.997609299,0.000000000,0.000000000,0.000000000,0.000513097,0.000000000,0.000000000,0.000000000,-0.000000000,0.000000000,0.000000000,-0.000000000,0.000000000,0.079995219,0.000000000,0.001586986,-0.000000000,0.000000000,0.000000000,0.000000000,0.007999522,-0.000000000,0.000000000,0.000000000,0.000000000,0.000000000,0.000000000,0.000000000,0.000000000,0.000000000,0.000000000,-0.005259970,-0.007889984,-0.002390701,-0.000408150,0.000513097,-0.000517002,-0.694000006,0.000000000,0.000000000,0.000000000,0.000000000,-0.035000000,0.185000002,-3.030100107
1706604093.312520,1.000000000,1.000000000,0.325300008,0.766399980,-0.694244771,-0.035112091,0.184246710,-3.030100107,0.325300008,0.766399980,-0.008259895,-0.012390087,-0.001372043,-0.001890976,-0.000182000,0.000379001,-0.000367004,0.000000000,0.000000000,39.998109024,0.000000000,0.000000000,0.000000000,0.000668097,0.000000000,0.000000000,0.000000000,-0.000000000,0.000000000,0.000000000,-0.000000000,0.000000000,0.079996218,0.000000000,0.002936954,-0.000000000,0.000000000,0.000000000,0.000000000,0.007999622,-0.000000000,0.000000000,0.000000000,0.000000000,0.000000000,0.000000000,0.000000000,0.000000000,0.000000000,0.000000000,-0.008259895,-0.012390087,-0.001890976,-0.000615653,0.000668097,-0.000367004,-0.694000006,0.000000000,0.000000000,0.000000000,0.000000000,-0.035000000,0.185000002,-3.030100107
1706604093.412534,1.000000000,1.000000000,0.325300008,0.766399980,-0.694244774,-0.035112093,0.184246701,-3.030100107,0.325300008,0.766399980,-0.006259850,-0.022390030,-0.002071629,-0.002389938,-0.000332002,0.000479005,-0.000267000,0.000000000,0.000000000,39.997610062,0.000000000,0.000000000,0.000000000,0.000698100,0.000000000,0.000000000,0.000000000,-0.000000000,0.000000000,0.000000000,-0.000000000,0.000000000,0.079995220,0.000000000,0.002236940,-0.000000000,0.000000000,0.000000000,0.000000000,0.007999522,-0.000000000,0.000000000,0.000000000,0.000000000,0.000000000,0.000000000,0.000000000,0.000000000,0.000000000,0.000000000,-0.006259850,-0.022390030,-0.002389938,-0.001115653,0.000698100,-0.000267000,-0.694000006,0.000000000,0.000000000,0.000000000,0.000000000,-0.035000000,0.185000002,-3.030100107
1706604093.512465,1.000000000,1.000000000,0.325300008,0.766399980,-0.694244771,-0.035112091,0.184246710,-3.030100107,0.325300008,0.766399980,-0.001759890,0.008110001,0.000746019,0.001110428,0.000017998,0.000529008,-0.000116993,0.000000000,0.000000000,40.001110428,0.000000000,0.000000000,0.000000000,0.000590604,0.000000000,0.000000000,0.000000000,-0.000000000,0.000000000,0.000000000,-0.000000000,0.000000000,0.080002221,0.000000000,0.000586963,-0.000000000,0.000000000,0.000000000,0.000000000,0.008000222,-0.000000000,0.000000000,0.000000000,0.000000000,0.000000000,0.000000000,0.000000000,0.000000000,0.000000000,0.000000000,-0.001759890,0.008110001,0.001110428,0.000301848,0.000590604,-0.000116993,-0.694000006,0.000000000,0.000000000,0.000000000,0.000000000,-0.035000000,0.185000002,-3.030100107
1706604093.612623,1.000000000,1.000000000,0.325300008,0.766399980,-0.694244792,-0.035112101,0.184246644,-3.030100107,0.325300008,0.766399980,-0.006259945,0.036610081,-0.006706417,-0.021389420,0.000567998,0.000678997,-0.000566999,0.000000000,0.000000000,39.978610580,0.000000000,0.000000000,0.000000000,0.000898095,-0.000000066,0.000000020,0.000103040,-0.000000000,0.000000000,0.000000000,0.000000527,-0.000000201,0.079132905,0.000000000,0.001936979,-0.000000000,0.000000000,-0.000000013,0.000000000,0.008016330,-0.000000000,0.000000000,0.000000000,0.000000000,0.000000000,0.000000000,0.000000000,0.000000000,0.000000000,0.000000000,-0.006259945,0.036610081,-0.021389420,0.001849351,0.000898095,-0.000566999,-0.694003165,0.000000000,0.000000000,0.000000000,0.000000000,-0.035001446,0.184990302,-3.030100107
1706604093.712430,1.000000000,1.000000000,0.325300008,0.766399980,-0.694248445,-0.035113772,0.184235427,-3.030100107,0.325300008,0.766399980,-0.003760031,0.063110020,-0.009229321,-0.027890427,-0.000282001,0.000928990,-0.000617001,0.000000000,0.000000000,39.972109573,0.000000000,0.000000000,0.000000000,0.001060592,-0.000000464,0.000000135,0.001085549,-0.000000000,0.000000000,0.000000000,0.000003714,-0.000001349,0.071259828,0.000000000,0.000887011,-0.000000000,0.000000000,-0.000000093,0.000000000,0.008211532,-0.000000000,0.000000000,0.000000000,0.000000000,0.000000000,0.000000000,0.000000000,0.000000000,0.000000000,0.000000000,-0.003760031,0.063110020,-0.027890427,0.001926849,0.001060592,-0.000617001,-0.694036424,0.000000000,0.000000000,0.000000000,0.000000000,-0.035016667,0.184888095,-3.030100107
1706604093.812517,1.000000000,1.000000000,0.325300008,0.766399980,-0.694287685,-0.035131728,0.184114841,-3.030100107,0.325300008,0.766399980,0.008240005,0.063110020,-0.021729508,-0.060390884,0.000217995,-0.000871007,0.000432988,0.000000000,0.000000000,39.939609116,0.000000000,0.000000000,0.000000000,-0.001159407,-0.000000783,0.000000107,0.001096248,-0.000000000,0.000000000,0.000000000,0.000006260,-0.000001071,0.071109233,0.000000000,-0.002863014,-0.000000000,0.000000000,-0.000000157,0.000000000,0.008207171,-0.000000000,0.000000000,0.000000000,0.000000000,0.000000000,0.000000000,0.000000000,0.000000000,0.000000000,0.000000000,0.008240005,0.063110020,-0.060390884,0.002426846,-0.001159407,0.000432988,-0.694070041,0.000000000,0.000000000,0.000000000,0.000000000,-0.035032034,0.184784889,-3.030100107
1706604093.912407,1.000000000,1.000000000,0.325300008,0.766399980,-0.694321174,-0.035147034,0.184012048,-3.030100107,0.325300008,0.766399980,-0.008259991,0.067610027,-0.041821947,-0.107890732,-0.001032005,-0.001171003,-0.000267012,0.000000000,0.000000000,39.892109268,0.000000000,0.000000000,0.000000000,-0.000881904,-0.000000257,0.000000063,0.000938148,-0.000000000,0.000000000,0.000000000,0.000002053,-0.000000633,0.072279033,0.000000000,0.003036985,-0.000000000,0.000000000,-0.000000051,0.000000000,0.008166051,-0.000000000,0.000000000,0.000000000,0.000000000,0.000000000,0.000000000,0.000000000,0.000000000,0.000000000,0.000000000,-0.008259991,0.067610027,-0.107890732,0.001334346,-0.000881904,-0.000267012,-0.694098771,0.000000000,0.000000000,0.000000000,0.000000000,-0.035045184,0.184696555,-3.030100107
1706604094.132431,1.000000000,1.000000000,0.325300008,0.766399980,-0.694348636,-0.035159608,0.183927583,-3.030100107,0.325300008,0.766399980,-0.005259922,-0.026390026,-0.023462200,-0.060891373,0.001818000,0.001578997,-0.001067004,0.000000000,0.000000000,39.939108627,0.000000000,0.000000000,0.000000000,0.001763094,-0.000001446,0.000000273,0.005019454,-0.000000000,0.000000000,0.000000000,0.000011565,-0.000002732,0.039722589,0.000000000,0.001036965,-0.000000000,0.000000000,-0.000000289,0.000000000,0.008991712,-0.000000000,0.000000000,0.000000000,0.000000000,0.000000000,0.000000000,0.000000000,0.000000000,0.000000000,0.000000000,-0.005259922,-0.026390026,-0.060891373,0.000894349,0.001763094,-0.001067004,-0.694252491,0.000000000,0.000000000,0.000000000,0.000000000,-0.035115536,0.184223935,-3.030100107
1706604094.232424,1.000000000,1.000000000,0.325300008,0.766399980,-0.694527642,-0.035241528,0.183377220,-3.030100107,0.325300008,0.766399980,-0.004259899,-0.041390083,-0.021037237,-0.052391464,0.001368001,0.002378996,-0.000817007,0.000000000,0.000000000,39.947608536,0.000000000,0.000000000,0.000000000,0.002528092,0.000000000,0.000000000,0.000000000,-0.000000000,0.000000000,0.000000000,0.000000000,0.000000000,0.079895217,0.000000000,0.000886952,-0.000000000,0.000000000,0.000000000,0.000000000,0.007989522,-0.000000000,0.000000000,0.000000000,0.000000000,0.000000000,0.000000000,0.000000000,0.000000000,0.000000000,0.000000000,-0.004259899,-0.041390083,-0.052391464,-0.000080652,0.002528092,-0.000817007,-0.694252491,0.000000000,0.000000000,0.000000000,0.000000000,-0.035115536,0.184223935,-3.030100107
1706604094.332498,1.000000000,1.000000000,0.325300008,0.766399980,-0.694496950,-0.035227487,0.183471584,-3.030100107,0.325300008,0.766399980,-0.003759935,-0.075390003,-0.010127406,-0.029391891,0.004268001,0.002778991,0.000232991,0.000000000,0.000000000,39.970608109,0.000000000,0.000000000,0.000000000,0.002910588,0.000000439,-0.000000003,0.002062380,-0.000000000,0.000000000,0.000000000,-0.000003515,0.000000029,0.063442175,0.000000000,0.001736965,-0.000000000,0.000000000,0.000000088,0.000000000,0.008406598,-0.000000000,0.000000000,0.000000000,0.000000000,0.000000000,0.000000000,0.000000000,0.000000000,0.000000000,0.000000000,-0.003759935,-0.075390003,-0.029391891,0.001629351,0.002910588,0.000232991,-0.694315553,0.000000000,0.000000000,0.000000000,0.000000000,-0.035144437,0.184029713,-3.030100107
1706604094.432608,1.000000000,1.000000000,0.325300008,0.766399980,-0.694572765,-0.035262233,0.183238085,-3.030100107,0.325300008,0.766399980,-0.049259928,-0.019389961,-0.028417480,-0.062392075,-0.002782002,0.003928991,0.001282986,0.000000000,0.000000000,39.937607925,0.000000000,0.000000000,0.000000000,0.005653088,-0.000000665,0.000000087,0.000578441,-0.000000000,0.000000000,0.000000000,0.000005316,-0.000000874,0.075247689,0.000000000,0.020986958,-0.000000000,0.000000000,-0.000000133,0.000000000,0.008103210,-0.000000000,0.000000000,0.000000000,0.000000000,0.000000000,0.000000000,0.000000000,0.000000000,0.000000000,0.000000000,-0.049259928,-0.019389961,-0.062392075,-0.003460651,0.005653088,0.001282986,-0.694333315,0.000000000,0.000000000,0.000000000,0.000000000,-0.035152547,0.183975264,-3.030100107
1706604094.552889,1.000000000,1.000000000,0.325300008,0.766399980,-0.694581265,-0.035266090,0.183212212,-3.030100107,0.325300008,0.766399980,-0.023759916,-0.020389889,-0.007702015,-0.015890915,-0.000632003,0.003778990,-0.000017015,0.000000000,0.000000000,39.984109085,0.000000000,0.000000000,0.000000000,0.004610587,-0.000000781,0.000000175,0.001460531,-0.000000000,0.000000000,0.000000000,0.000006249,-0.000001747,0.068283972,0.000000000,0.009486952,-0.000000000,0.000000000,-0.000000156,0.000000000,0.008288928,-0.000000000,0.000000000,0.000000000,0.000000000,0.000000000,0.000000000,0.000000000,0.000000000,0.000000000,0.000000000,-0.023759916,-0.020389889,-0.015890915,-0.001345649,0.004610587,-0.000017015,-0.694378078,0.000000000,0.000000000,0.000000000,0.000000000,-0.035173025,0.183837757,-3.030100107
1706604094.632159,1.000000000,1.000000000,0.325300008,0.766399980,-0.694631713,-0.035289170,0.183057216,-3.030100107,0.325300008,0.766399980,-0.117259911,-0.057889889,0.027885537,0.056109207,0.007468000,0.012178992,-0.000867010,0.000000000,0.000000000,40.056109207,0.000000000,0.000000000,0.000000000,0.016283089,-0.000000313,0.000000079,0.000832780,-0.000000000,0.000000000,0.000000000,0.000002501,-0.000000791,0.073449981,0.000000000,0.046036954,-0.000000000,0.000000000,-0.000000063,0.000000000,0.008177778,-0.000000000,0.000000000,0.000000000,0.000000000,0.000000000,0.000000000,0.000000000,0.000000000,0.000000000,0.000000000,-0.117259911,-0.057889889,0.056109207,0.005441854,0.016283089,-0.000867010,-0.694403589,0.000000000,0.000000000,0.000000000,0.000000000,-0.035184700,0.183759347,-3.030100107
1706604094.732284,1.000000000,1.000000000,0.325300008,0.766399980,-0.694653814,-0.035299288,0.182989270,-3.030100107,0.325300008,0.766399980,-0.053259924,-0.047889851,0.006736039,0.019110458,0.000768000,0.003678994,-0.000117007,0.000000000,0.000000000,40.019110458,0.000000000,0.000000000,0.000000000,0.005543091,-0.000000431,0.000000112,0.000610335,-0.000000000,0.000000000,0.000000000,0.000003447,-0.000001125,0.075155540,0.000000000,0.021186962,-0.000000000,0.000000000,-0.000000086,0.000000000,0.008125889,-0.000000000,0.000000000,0.000000000,0.000000000,0.000000000,0.000000000,0.000000000,0.000000000,0.000000000,0.000000000,-0.053259924,-0.047889851,0.019110458,-0.000908145,0.005543091,-0.000117007,-0.694422305,0.000000000,0.000000000,0.000000000,0.000000000,-0.035193261,0.183701888,-3.030100107
1706604094.832478,1.000000000,1.000000000,0.325300008,0.766399980,-0.694670944,-0.035307122,0.182936698,-3.030100107,0.325300008,0.766399980,-0.071259954,0.021110107,-0.004149477,0.000609177,-0.005132002,0.006528996,-0.000767008,0.000000000,0.000000000,40.000609177,0.000000000,0.000000000,0.000000000,0.009023094,-0.000000044,0.000000014,0.000144016,-0.000000000,0.000000000,0.000000000,0.000000353,-0.000000140,0.078849089,0.000000000,0.027736974,-0.000000000,0.000000000,-0.000000009,0.000000000,0.008028925,-0.000000000,0.000000000,0.000000000,0.000000000,0.000000000,0.000000000,0.000000000,0.000000000,0.000000000,0.000000000,-0.071259954,0.021110107,0.000609177,-0.004393148,0.009023094,-0.000767008,-0.694426715,0.000000000,0.000000000,0.000000000,0.000000000,-0.035195280,0.183688328,-3.030100107
1706604095.133749,1.000000000,1.000000000,0.325300008,0.766399980,-0.694672381,-0.035307783,0.182932267,-3.030100107,0.325300008,0.766399980,-0.057760027,0.044610073,-0.022727103,-0.066891129,0.002467996,0.002778991,-0.000567014,0.000000000,0.000000000,39.933108871,0.000000000,0.000000000,0.000000000,0.004800591,-0.000001137,0.000000269,0.005335996,-0.000000000,0.000000000,0.000000000,0.000009093,-0.000002686,0.037178253,0.000000000,0.022536997,-0.000000000,0.000000000,-0.000000227,0.000000000,0.009053821,-0.000000000,0.000000000,0.000000000,0.000000000,0.000000000,0.000000000,0.000000000,0.000000000,0.000000000,0.000000000,-0.057760027,0.044610073,-0.066891129,0.004029349,0.004800591,-0.000567014,-0.694590092,0.000000000,0.000000000,0.000000000,0.000000000,-0.035270069,0.183185890,-3.030100107
1706604095.233944,1.000000000,1.000000000,0.325300008,0.766399980,-0.694867137,-0.035396931,0.182333324,-3.030100107,0.325300008,0.766399980,-0.050760010,0.052110054,-0.017964997,-0.042892105,-0.002632007,0.002978994,0.000332987,0.000000000,0.000000000,39.957107895,0.000000000,0.000000000,0.000000000,0.004755594,0.000000032,-0.000000094,0.001375411,-0.000000000,0.000000000,0.000000000,-0.000000255,0.000000936,0.068910931,0.000000000,0.020636991,-0.000000000,0.000000000,0.000000006,0.000000000,0.008266504,-0.000000000,0.000000000,0.000000000,0.000000000,0.000000000,0.000000000,0.000000000,0.000000000,0.000000000,0.000000000,-0.050760010,0.052110054,-0.042892105,-0.000808155,0.004755594,0.000332987,-0.694632173,0.000000000,0.000000000,0.000000000,0.000000000,-0.035289332,0.183056369,-3.030100107
1706604095.333884,1.000000000,1.000000000,0.325300008,0.766399980,-0.694885106,-0.035405164,0.182277936,-3.030100107,0.325300008,0.766399980,-0.008760098,0.026110126,0.019425826,0.038109940,0.003267996,0.001378997,-0.001167015,0.000000000,0.000000000,40.038109940,0.000000000,0.000000000,0.000000000,0.001685600,-0.000001328,0.000000292,0.000549094,-0.000000000,0.000000000,0.000000000,0.000010626,-0.000002923,0.075683464,0.000000000,0.002337024,-0.000000000,0.000000000,-0.000000266,0.000000000,0.008117441,-0.000000000,0.000000000,0.000000000,0.000000000,0.000000000,0.000000000,0.000000000,0.000000000,0.000000000,0.000000000,-0.008760098,0.026110126,0.038109940,0.004181851,0.001685600,-0.001167015,-0.694649100,0.000000000,0.000000000,0.000000000,0.000000000,-0.035297047,0.183004707,-3.030100107
1706604095.433861,1.000000000,1.000000000,0.325300008,0.766399980,-0.694897498,-0.035410789,0.182240319,-3.030100107,0.325300008,0.766399980,-0.016759995,-0.000389908,0.005648314,0.007609909,0.002617997,0.001328994,-0.000767017,0.000000000,0.000000000,40.007609909,0.000000000,0.000000000,0.000000000,0.001915594,-0.000000427,0.000000130,0.000672684,-0.000000000,0.000000000,0.000000000,0.000003415,-0.000001304,0.074633749,0.000000000,0.005936981,-0.000000000,0.000000000,-0.000000085,0.000000000,0.008136059,-0.000000000,0.000000000,0.000000000,0.000000000,0.000000000,0.000000000,0.000000000,0.000000000,0.000000000,0.000000000,-0.016759995,-0.000389908,0.007609909,0.002604350,0.001915594,-0.000767017,-0.694669724,0.000000000,0.000000000,0.000000000,0.000000000,-0.035306484,0.182941377,-3.030100107
1706604095.533888,1.000000000,1.000000000,0.325300008,0.766399980,-0.694918674,-0.035420487,0.182175230,-3.030100107,0.325300008,0.766399980,0.029240057,0.021110012,0.000701008,-0.004389603,0.001717998,-0.001871006,-0.001367018,0.000000000,0.000000000,39.995610397,0.000000000,0.000000000,0.000000000,-0.002894408,-0.000000402,0.000000138,0.001485089,-0.000000000,0.000000000,0.000000000,0.000003213,-0.000001380,0.068110506,0.000000000,-0.013063041,-0.000000000,0.000000000,-0.000000080,0.000000000,0.008296140,-0.000000000,0.000000000,0.000000000,0.000000000,0.000000000,0.000000000,0.000000000,0.000000000,0.000000000,0.000000000,0.029240057,0.021110012,-0.004389603,0.002456849,-0.002894408,-0.001367018,-0.694715202,0.000000000,0.000000000,0.000000000,0.000000000,-0.035327304,0.182801545,-3.030100107
1706604095.633875,1.000000000,1.000000000,0.325300008,0.766399980,-0.694969050,-0.035443551,0.182020323,-3.030100107,0.325300008,0.766399980,-0.046759823,0.042109921,-0.047414534,-0.108890945,-0.005332003,-0.000371014,-0.000617016,0.000000000,0.000000000,39.891109055,0.000000000,0.000000000,0.000000000,0.001265580,-0.000000279,0.000000020,0.000476399,-0.000000000,0.000000000,0.000000000,0.000002228,-0.000000198,0.075971024,0.000000000,0.018086913,-0.000000000,0.000000000,-0.000000056,0.000000000,0.008073502,-0.000000000,0.000000000,0.000000000,0.000000000,0.000000000,0.000000000,0.000000000,0.000000000,0.000000000,0.000000000,-0.046759823,0.042109921,-0.108890945,-0.003858156,0.001265580,-0.000617016,-0.694729805,0.000000000,0.000000000,0.000000000,0.000000000,-0.035333980,0.182756692,-3.030100107
1706604095.733798,1.000000000,1.000000000,0.325300008,0.766399980,-0.694976839,-0.035447107,0.181996435,-3.030100107,0.325300008,0.766399980,-0.024759939,0.002609970,-0.049296972,-0.118890793,-0.001832004,0.000028990,-0.002217013,0.000000000,0.000000000,39.881109207,0.000000000,0.000000000,0.000000000,0.000895588,-0.000000678,0.000000130,0.000775147,-0.000000000,0.000000000,0.000000000,0.000005428,-0.000001304,0.073561046,0.000000000,0.007686962,-0.000000000,0.000000000,-0.000000136,0.000000000,0.008131251,-0.000000000,0.000000000,0.000000000,0.000000000,0.000000000,0.000000000,0.000000000,0.000000000,0.000000000,0.000000000,-0.024759939,0.002609970,-0.118890793,-0.001740655,0.000895588,-0.002217013,-0.694753587,0.000000000,0.000000000,0.000000000,0.000000000,-0.035344850,0.182683721,-3.030100107
1706604095.833916,1.000000000,1.000000000,0.325300008,0.766399980,-0.695002396,-0.035458786,0.181918028,-3.030100107,0.325300008,0.766399980,-0.015260008,0.017610123,-0.052772004,-0.122890884,-0.004232004,-0.000321008,-0.001817012,0.000000000,0.000000000,39.877109116,0.000000000,0.000000000,0.000000000,0.000213092,-0.000000096,0.000000040,0.000358138,-0.000000000,0.000000000,0.000000000,0.000000765,-0.000000400,0.076889117,0.000000000,0.004286991,-0.000000000,0.000000000,-0.000000019,0.000000000,0.008047049,-0.000000000,0.000000000,0.000000000,0.000000000,0.000000000,0.000000000,0.000000000,0.000000000,0.000000000,0.000000000,-0.015260008,0.017610123,-0.122890884,-0.003615650,0.000213092,-0.001817012,-0.694764555,0.000000000,0.000000000,0.000000000,0.000000000,-0.035349872,0.182650000,-3.030100107
1706604096.028523,1.000000000,1.000000000,0.325300008,0.766399980,-0.695010775,-0.035462629,0.181892233,-3.030100107,0.325300008,0.766399980,0.051739904,0.064609959,0.007223458,0.023610275,-0.004482001,-0.001971002,-0.002567012,0.000000000,0.000000000,40.023610275,0.000000000,0.000000000,0.000000000,-0.003781899,-0.000001584,0.000000300,0.004335265,-0.000000000,0.000000000,0.000000000,0.000012669,-0.000002998,0.045365098,0.000000000,-0.023262973,-0.000000000,0.000000000,-0.000000317,0.000000000,0.008871775,-0.000000000,0.000000000,0.000000000,0.000000000,0.000000000,0.000000000,0.000000000,0.000000000,0.000000000,0.000000000,0.051739904,0.064609959,0.023610275,-0.002220652,-0.003781899,-0.002567012,-0.694897354,0.000000000,0.000000000,0.000000000,0.000000000,-0.035410639,0.182241812,-3.030100107
1706604096.069787,1.000000000,1.000000000,0.325300008,0.766399980,-0.695168837,-0.035534950,0.181406392,-3.030100107,0.325300008,0.766399980,0.011739895,0.130109932,-0.038283933,-0.101889450,-0.002082001,-0.003021003,-0.004767013,0.000000000,0.000000000,39.898110550,0.000000000,0.000000000,0.000000000,-0.003431900,0.000000908,-0.000000148,0.002406699,-0.000000000,0.000000000,0.000000000,-0.000007268,0.000001482,0.060542630,0.000000000,-0.009462971,-0.000000000,0.000000000,0.000000182,0.000000000,0.008460962,-0.000000000,0.000000000,0.000000000,0.000000000,0.000000000,0.000000000,0.000000000,0.000000000,0.000000000,0.000000000,0.011739895,0.130109932,-0.101889450,0.002471847,-0.003431900,-0.004767013,-0.694970906,0.000000000,0.000000000,0.000000000,0.000000000,-0.035444353,0.182015151,-3.030100107
1706604096.133172,1.000000000,1.000000000,0.325300008,0.766399980,-0.695229772,-0.035562911,0.181218401,-3.030100107,0.325300008,0.766399980,-0.028260067,0.049109890,0.021331310,0.045611160,0.001368000,0.002628998,-0.003317011,0.000000000,0.000000000,40.045611160,0.000000000,0.000000000,0.000000000,0.003618101,0.000000041,-0.000000054,0.000678043,-0.000000000,0.000000000,0.000000000,-0.000000328,0.000000543,0.074666875,0.000000000,0.007987016,-0.000000000,0.000000000,0.000000008,0.000000000,0.008144731,-0.000000000,0.000000000,0.000000000,0.000000000,0.000000000,0.000000000,0.000000000,0.000000000,0.000000000,0.000000000,-0.028260067,0.049109890,0.045611160,0.003086846,0.003618101,-0.003317011,-0.694991648,0.000000000,0.000000000,0.000000000,0.000000000,-0.035453849,0.181951299,-3.030100107
1706604096.233921,1.000000000,1.000000000,0.325300008,0.766399980,-0.695240855,-0.035567974,0.181184333,-3.030100107,0.325300008,0.766399980,-0.017260054,0.019109776,0.022381244,0.055611008,-0.000532001,0.001778994,-0.003467009,0.000000000,0.000000000,40.055611008,0.000000000,0.000000000,0.000000000,0.002383096,0.000000660,-0.000000061,0.000376078,-0.000000000,0.000000000,0.000000000,-0.000005282,0.000000609,0.077102598,0.000000000,0.003437012,-0.000000000,0.000000000,0.000000132,0.000000000,0.008086338,-0.000000000,0.000000000,0.000000000,0.000000000,0.000000000,0.000000000,0.000000000,0.000000000,0.000000000,0.000000000,-0.017260054,0.019109776,0.055611008,0.000136841,0.002383096,-0.003467009,-0.695003092,0.000000000,0.000000000,0.000000000,0.000000000,-0.035459116,0.181915864,-3.030100107
1706604096.333874,1.000000000,1.000000000,0.325300008,0.766399980,-0.695250501,-0.035572424,0.181154393,-3.030100107,0.325300008,0.766399980,0.010740015,-0.083390091,-0.002456436,0.010610550,-0.003782003,0.000578995,-0.001567010,0.000000000,0.000000000,40.010610550,0.000000000,0.000000000,0.000000000,0.000203094,-0.000001732,0.000000310,-0.001875509,-0.000000000,0.000000000,0.000000000,0.000013858,-0.000003104,0.095025297,0.000000000,-0.005863016,-0.000000000,0.000000000,-0.000000346,0.000000000,0.007627020,-0.000000000,0.000000000,0.000000000,0.000000000,0.000000000,0.000000000,0.000000000,0.000000000,0.000000000,0.000000000,0.010740015,-0.083390091,0.010610550,-0.006700656,0.000203094,-0.001567010,-0.694945872,0.000000000,0.000000000,0.000000000,0.000000000,-0.035432857,0.182092533,-3.030100107
1706604096.563056,1.000000000,1.000000000,0.325300008,0.766399980,-0.695179272,-0.035539726,0.181374328,-3.030100107,0.325300008,0.766399980,-0.030260065,0.005610039,-0.061342626,-0.140892441,-0.005182001,0.002828993,-0.000917012,0.000000000,0.000000000,39.859107559,0.000000000,0.000000000,0.000000000,0.003888095,-0.000000596,0.000000131,0.005840275,-0.000000000,0.000000000,0.000000000,0.000004767,-0.000001314,0.032996014,0.000000000,0.011187014,-0.000000000,0.000000000,-0.000000119,0.000000000,0.009139877,-0.000000000,0.000000000,0.000000000,0.000000000,0.000000000,0.000000000,0.000000000,0.000000000,0.000000000,0.000000000,-0.030260065,0.005610039,-0.140892441,-0.004985650,0.003888095,-0.000917012,-0.695124626,0.000000000,0.000000000,0.000000000,0.000000000,-0.035514701,0.181542590,-3.030100107
1706604096.663080,1.000000000,1.000000000,0.325300008,0.766399980,-0.695404294,-0.035642770,0.180681918,-3.030100107,0.325300008,0.766399980,-0.031260040,0.021610023,-0.036682297,-0.079891617,-0.005482001,0.000578992,-0.001367012,0.000000000,0.000000000,39.920108383,0.000000000,0.000000000,0.000000000,0.001673093,-0.000000025,-0.000000026,0.000523942,-0.000000000,0.000000000,0.000000000,0.000000203,0.000000264,0.075648683,0.000000000,0.011137004,-0.000000000,0.000000000,-0.000000005,0.000000000,0.008088810,-0.000000000,0.000000000,0.000000000,0.000000000,0.000000000,0.000000000,0.000000000,0.000000000,0.000000000,0.000000000,-0.031260040,0.021610023,-0.079891617,-0.004725651,0.001673093,-0.001367012,-0.695140660,0.000000000,0.000000000,0.000000000,0.000000000,-0.035522040,0.181493253,-3.030100107
1706604096.763139,1.000000000,1.000000000,0.325300008,0.766399980,-0.695388157,-0.035635382,0.180731552,-3.030100107,0.325300008,0.766399980,-0.045760038,0.068109943,-0.032354384,-0.080390579,-0.002582000,0.000578995,-0.000867016,0.000000000,0.000000000,39.919609421,0.000000000,0.000000000,0.000000000,0.002180596,-0.000001468,0.000000312,0.001509036,-0.000000000,0.000000000,0.000000000,0.000011746,-0.000003120,0.067766933,0.000000000,0.017437000,-0.000000000,0.000000000,-0.000000294,0.000000000,0.008285729,-0.000000000,0.000000000,0.000000000,0.000000000,0.000000000,0.000000000,0.000000000,0.000000000,0.000000000,0.000000000,-0.045760038,0.068109943,-0.080390579,-0.000198152,0.002180596,-0.000867016,-0.695186973,0.000000000,0.000000000,0.000000000,0.000000000,-0.035543207,0.181351200,-3.030100107
1706604096.863182,1.000000000,1.000000000,0.325300008,0.766399980,-0.695440523,-0.035659307,0.180570965,-3.030100107,0.325300008,0.766399980,-0.010259989,0.036609795,0.008143709,0.014110916,0.001218000,-0.001421003,-0.001417012,0.000000000,0.000000000,40.014110916,0.000000000,0.000000000,0.000000000,-0.001061903,-0.000000039,-0.000000035,0.000073906,-0.000000000,0.000000000,0.000000000,0.000000311,0.000000349,0.079436977,0.000000000,0.002686984,-0.000000000,0.000000000,-0.000000008,0.000000000,0.008017603,-0.000000000,0.000000000,0.000000000,0.000000000,0.000000000,0.000000000,0.000000000,0.000000000,0.000000000,0.000000000,-0.010259989,0.036609795,0.014110916,0.002499343,-0.001061903,-0.001417012,-0.695189238,0.000000000,0.000000000,0.000000000,0.000000000,-0.035544239,0.181344241,-3.030100107
1706604096.963180,1.000000000,1.000000000,0.325300008,0.766399980,-0.695434556,-0.035656583,0.180589246,-3.030100107,0.325300008,0.766399980,-0.011759975,0.021110012,-0.013998906,-0.040889389,0.001617999,-0.002271001,-0.001117010,0.000000000,0.000000000,39.959110611,0.000000000,0.000000000,0.000000000,-0.001859402,-0.000000569,0.000000141,0.001544958,-0.000000000,0.000000000,0.000000000,0.000004549,-0.000001408,0.067558554,0.000000000,0.003586981,-0.000000000,0.000000000,-0.000000114,0.000000000,0.008300814,-0.000000000,0.000000000,0.000000000,0.000000000,0.000000000,0.000000000,0.000000000,0.000000000,0.000000000,0.000000000,-0.011759975,0.021110012,-0.040889389,0.002356850,-0.001859402,-0.001117010,-0.695236564,0.000000000,0.000000000,0.000000000,0.000000000,-0.035565898,0.181198776,-3.030100107
1706604097.063139,1.000000000,1.000000000,0.325300008,0.766399980,-0.695490558,-0.035682210,0.180417115,-3.030100107,0.325300008,0.766399980,0.024739954,0.024610092,-0.032626599,-0.078889877,-0.001932001,-0.004571001,-0.000617007,0.000000000,0.000000000,39.921110123,0.000000000,0.000000000,0.000000000,-0.005436900,-0.000000866,0.000000151,0.001220660,-0.000000000,0.000000000,0.000000000,0.000006929,-0.000001513,0.070076941,0.000000000,-0.010512989,-0.000000000,0.000000000,-0.000000173,0.000000000,0.008228354,-0.000000000,0.000000000,0.000000000,0.000000000,0.000000000,0.000000000,0.000000000,0.000000000,0.000000000,0.000000000,0.024739954,0.024610092,-0.078889877,-0.001070648,-0.005436900,-0.000617007,-0.695273995,0.000000000,0.000000000,0.000000000,0.000000000,-0.035583012,0.181083858,-3.030100107
1706604097.163156,1.000000000,1.000000000,0.325300008,0.766399980,-0.695525778,-0.035698308,0.180309022,-3.030100107,0.325300008,0.766399980,0.024739906,-0.000889729,-0.043618985,-0.104389603,-0.001832004,-0.003921001,-0.000167010,0.000000000,0.000000000,39.895610397,0.000000000,0.000000000,0.000000000,-0.004786897,0.000000689,-0.000000044,0.000002147,-0.000000000,0.000000000,0.000000000,-0.000005515,0.000000439,0.079774048,0.000000000,-0.010062972,-0.000000000,0.000000000,0.000000138,0.000000000,0.007979551,-0.000000000,0.000000000,0.000000000,0.000000000,0.000000000,0.000000000,0.000000000,0.000000000,0.000000000,0.000000000,0.024739906,-0.000889729,-0.104389603,-0.001863144,-0.004786897,-0.000167010,-0.695273995,0.000000000,0.000000000,0.000000000,0.000000000,-0.035583042,0.181083634,-3.030100107
1706604097.262852,1.000000000,1.000000000,0.325300008,0.766399980,-0.695518136,-0.035694854,0.180332219,-3.030100107,0.325300008,0.766399980,0.050739929,0.000610115,-0.040466771,-0.093390305,-0.003132003,-0.003921001,0.000832992,0.000000000,0.000000000,39.906609695,0.000000000,0.000000000,0.000000000,-0.005696898,-0.000000518,0.000000130,0.000816555,-0.000000000,0.000000000,0.000000000,0.000004143,-0.000001302,0.073280783,0.000000000,-0.019462979,-0.000000000,0.000000000,-0.000000104,0.000000000,0.008144633,-0.000000000,0.000000000,0.000000000,0.000000000,0.000000000,0.000000000,0.000000000,0.000000000,0.000000000,0.000000000,0.050739929,0.000610115,-0.093390305,-0.003110649,-0.005696898,0.000832992,-0.695299029,0.000000000,0.000000000,0.000000000,0.000000000,-0.035594493,0.181006759,-3.030100107
1706604097.363100,1.000000000,1.000000000,0.325300008,0.766399980,-0.695548244,-0.035708617,0.180239806,-3.030100107,0.325300008,0.766399980,0.032739994,-0.049889896,-0.017734175,-0.036890060,-0.001232004,-0.002171005,0.000432988,0.000000000,0.000000000,39.963109940,0.000000000,0.000000000,0.000000000,-0.003316905,-0.000000947,0.000000090,0.001105476,-0.000000000,0.000000000,0.000000000,0.000007579,-0.000000901,0.071082411,0.000000000,-0.012663009,-0.000000000,0.000000000,-0.000000189,0.000000000,0.008213717,-0.000000000,0.000000000,0.000000000,0.000000000,0.000000000,0.000000000,0.000000000,0.000000000,0.000000000,0.000000000,0.032739994,-0.049889896,-0.036890060,-0.002978150,-0.003316905,0.000432988,-0.695332944,0.000000000,0.000000000,0.000000000,0.000000000,-0.035609987,0.180902690,-3.030100107
1706604097.633908,1.000000000,1.000000000,0.325300008,0.766399980,-0.695584281,-0.035725078,0.180129233,-3.030100107,0.325300008,0.766399980,-0.044259956,-0.004889915,-0.026358870,-0.061889297,-0.001432004,0.000978993,-0.000667003,0.000000000,0.000000000,39.938110703,0.000000000,0.000000000,0.000000000,0.002528091,-0.000001336,0.000000270,0.005136675,-0.000000000,0.000000000,0.000000000,0.000010691,-0.000002699,0.038782820,0.000000000,0.017036979,-0.000000000,0.000000000,-0.000000267,0.000000000,0.009014957,-0.000000000,0.000000000,0.000000000,0.000000000,0.000000000,0.000000000,0.000000000,0.000000000,0.000000000,0.000000000,-0.044259956,-0.004889915,-0.061889297,-0.001603151,0.002528091,-0.000667003,-0.695490241,0.000000000,0.000000000,0.000000000,0.000000000,-0.035681982,0.180419028,-3.030100107
1706604097.733845,1.000000000,1.000000000,0.325300008,0.766399980,-0.695766101,-0.035808299,0.179570123,-3.030100107,0.325300008,0.766399980,-0.042759970,0.023110058,-0.022979300,-0.054390366,-0.002032006,0.000729002,-0.000067005,0.000000000,0.000000000,39.945609634,0.000000000,0.000000000,0.000000000,0.002225601,0.000000000,0.000000000,0.000000000,-0.000000000,0.000000000,0.000000000,0.000000000,0.000000000,0.079891219,0.000000000,0.017036983,-0.000000000,0.000000000,0.000000000,0.000000000,0.007989122,-0.000000000,0.000000000,0.000000000,0.000000000,0.000000000,0.000000000,0.000000000,0.000000000,0.000000000,0.000000000,-0.042759970,0.023110058,-0.054390366,-0.001223154,0.002225601,-0.000067005,-0.695490241,0.000000000,0.000000000,0.000000000,0.000000000,-0.035681982,0.180419028,-3.030100107
1706604097.974968,1.000000000,1.000000000,0.325300008,0.766399980,-0.695734688,-0.035793927,0.179666715,-3.030100107,0.325300008,0.766399980,0.021740076,-0.040889881,-0.014619978,-0.037392075,0.001767998,0.001178999,-0.002217013,0.000000000,0.000000000,39.962607925,0.000000000,0.000000000,0.000000000,0.000418097,-0.000001308,0.000000301,0.004135477,-0.000000000,0.000000000,0.000000000,0.000010462,-0.000003015,0.046841403,0.000000000,-0.010913044,-0.000000000,0.000000000,-0.000000262,0.000000000,0.008819617,-0.000000000,0.000000000,0.000000000,0.000000000,0.000000000,0.000000000,0.000000000,0.000000000,0.000000000,0.000000000,0.021740076,-0.040889881,-0.037392075,0.000336852,0.000418097,-0.002217013,-0.695616901,0.000000000,0.000000000,0.000000000,0.000000000,-0.035739951,0.180029646,-3.030100107
1706604098.075112,1.000000000,1.000000000,0.325300008,0.766399980,-0.695886783,-0.035863532,0.179199135,-3.030100107,0.325300008,0.766399980,-0.042759922,-0.014390038,-0.039242299,-0.092391617,-0.001782001,0.002978994,-0.001167015,0.000000000,0.000000000,39.907608383,0.000000000,0.000000000,0.000000000,0.004475591,0.000000451,-0.000000054,0.001890992,-0.000000000,0.000000000,0.000000000,-0.000003608,0.000000544,0.064687277,0.000000000,0.015936954,-0.000000000,0.000000000,0.000000090,0.000000000,0.008359720,-0.000000000,0.000000000,0.000000000,0.000000000,0.000000000,0.000000000,0.000000000,0.000000000,0.000000000,0.000000000,-0.042759922,-0.014390038,-0.092391617,-0.002285653,0.004475591,-0.001167015,-0.695674717,0.000000000,0.000000000,0.000000000,0.000000000,-0.035766445,0.179851562,-3.030100107
1706604098.175081,1.000000000,1.000000000,0.325300008,0.766399980,-0.695930495,-0.035883584,0.179064348,-3.030100107,0.325300008,0.766399980,0.032740042,-0.064890049,0.013240397,0.033108871,0.002268000,0.000379001,0.002432986,0.000000000,0.000000000,40.033108871,0.000000000,0.000000000,0.000000000,-0.000766901,-0.000001611,0.000000350,0.000900807,-0.000000000,0.000000000,0.000000000,0.000012885,-0.000003498,0.072859765,0.000000000,-0.010663030,-0.000000000,0.000000000,-0.000000322,0.000000000,0.008186783,-0.000000000,0.000000000,0.000000000,0.000000000,0.000000000,0.000000000,0.000000000,0.000000000,0.000000000,0.000000000,0.032740042,-0.064890049,0.033108871,-0.000003152,-0.000766901,0.002432986,-0.695702434,0.000000000,0.000000000,0.000000000,0.000000000,-0.035779092,0.179766789,-3.030100107
1706604098.275156,1.000000000,1.000000000,0.325300008,0.766399980,-0.695952959,-0.035893805,0.178995873,-3.030100107,0.325300008,0.766399980,0.003239986,-0.079890202,0.040515879,0.090610092,0.007067999,0.004779001,0.001432987,0.000000000,0.000000000,40.090610092,0.000000000,0.000000000,0.000000000,0.004665601,0.000000000,-0.000000000,0.000000000,-0.000000000,0.000000000,0.000000000,0.000000000,0.000000000,0.080181220,0.000000000,0.000136993,-0.000000000,0.000000000,0.000000000,0.000000000,0.008018122,-0.000000000,0.000000000,0.000000000,0.000000000,0.000000000,0.000000000,0.000000000,0.000000000,0.000000000,0.000000000,0.003239986,-0.079890202,0.090610092,0.004271842,0.004665601,0.001432987,-0.695702434,0.000000000,0.000000000,0.000000000,0.000000000,-0.035779092,0.179766789,-3.030100107
1706604098.375080,1.000000000,1.000000000,0.325300008,0.766399980,-0.695947768,-0.035891444,0.179011745,-3.030100107,0.325300008,0.766399980,-0.033260038,-0.006890057,0.018570762,0.035609787,0.004567999,0.003329001,0.001482987,0.000000000,0.000000000,40.035609787,0.000000000,0.000000000,0.000000000,0.004493103,-0.000000774,0.000000157,0.001873536,-0.000000000,0.000000000,0.000000000,0.000006191,-0.000001567,0.065082931,0.000000000,0.014787002,-0.000000000,0.000000000,-0.000000155,0.000000000,0.008381829,-0.000000000,0.000000000,0.000000000,0.000000000,0.000000000,0.000000000,0.000000000,0.000000000,0.000000000,0.000000000,-0.033260038,-0.006890057,0.035609787,0.004326847,0.004493103,0.001482987,-0.695759833,0.000000000,0.000000000,0.000000000,0.000000000,-0.035805356,0.179590389,-3.030100107
1706604098.474971,1.000000000,1.000000000,0.325300008,0.766399980,-0.696016310,-0.035922803,0.178801101,-3.030100107,0.325300008,0.766399980,-0.060760048,0.071110012,-0.001399459,-0.013390762,0.001467995,0.004379003,0.000282987,0.000000000,0.000000000,39.986609238,0.000000000,0.000000000,0.000000000,0.006505604,-0.000000531,0.000000124,0.002098315,-0.000000000,0.000000000,0.000000000,0.000004252,-0.000001242,0.063186701,0.000000000,0.024587007,-0.000000000,0.000000000,-0.000000106,0.000000000,0.008416985,-0.000000000,0.000000000,0.000000000,0.000000000,0.000000000,0.000000000,0.000000000,0.000000000,0.000000000,0.000000000,-0.060760048,0.071110012,-0.013390762,0.003956846,0.006505604,0.000282987,-0.695824087,0.000000000,0.000000000,0.000000000,0.000000000,-0.035834767,0.179392815,-3.030100107
1706604098.575096,1.000000000,1.000000000,0.325300008,0.766399980,-0.696081635,-0.035952707,0.178600214,-3.030100107,0.325300008,0.766399980,-0.045759991,0.070610096,0.030782432,0.061607712,0.003667994,0.004928996,0.001882985,0.000000000,0.000000000,40.061607712,0.000000000,0.000000000,0.000000000,0.006530595,-0.000000295,-0.000000016,-0.000004814,-0.000000000,0.000000000,0.000000000,0.000002362,0.000000160,0.080161726,0.000000000,0.020186981,-0.000000000,0.000000000,-0.000000059,0.000000000,0.008011359,-0.000000000,0.000000000,0.000000000,0.000000000,0.000000000,0.000000000,0.000000000,0.000000000,0.000000000,0.000000000,-0.045759991,0.070610096,0.061607712,0.006139347,0.006530595,0.001882985,-0.695823967,0.000000000,0.000000000,0.000000000,0.000000000,-0.035834696,0.179393277,-3.030100107
1706604098.675089,1.000000000,1.000000000,0.325300008,0.766399980,-0.696069100,-0.035946953,0.178638871,-3.030100107,0.325300008,0.766399980,-0.055760029,0.061610081,0.029817213,0.062607162,0.002617996,0.006278993,0.001382988,0.000000000,0.000000000,40.062607162,0.000000000,0.000000000,0.000000000,0.008230594,-0.000000722,0.000000229,0.000995132,-0.000000000,0.000000000,0.000000000,0.000005780,-0.000002292,0.072164156,0.000000000,0.023687000,-0.000000000,0.000000000,-0.000000144,0.000000000,0.008211548,-0.000000000,0.000000000,0.000000000,0.000000000,0.000000000,0.000000000,0.000000000,0.000000000,0.000000000,0.000000000,-0.055760029,0.061610081,0.062607162,0.004774348,0.008230594,0.001382988,-0.695854485,0.000000000,0.000000000,0.000000000,0.000000000,-0.035848659,0.179299593,-3.030100107
1706604098.775110,1.000000000,1.000000000,0.325300008,0.766399980,-0.696105751,-0.035963720,0.178526339,-3.030100107,0.325300008,0.766399980,-0.042260054,-0.009890030,0.040665089,0.095608109,0.002767997,0.005728988,0.001632991,0.000000000,0.000000000,40.095608109,0.000000000,0.000000000,0.000000000,0.007208090,-0.000000476,0.000000022,0.000508902,-0.000000000,0.000000000,0.000000000,0.000003806,-0.000000220,0.076120000,0.000000000,0.018537012,-0.000000000,0.000000000,-0.000000095,0.000000000,0.008120902,-0.000000000,0.000000000,0.000000000,0.000000000,0.000000000,0.000000000,0.000000000,0.000000000,0.000000000,0.000000000,-0.042260054,-0.009890030,0.095608109,0.002421846,0.007208090,0.001632991,-0.695870101,0.000000000,0.000000000,0.000000000,0.000000000,-0.035855789,0.179251686,-3.030100107
1706604098.875169,1.000000000,1.000000000,0.325300008,0.766399980,-0.696118589,-0.035969580,0.178486966,-3.030100107,0.325300008,0.766399980,-0.032760075,0.049109795,0.003980376,0.002608841,0.001217997,0.003078993,-0.000517008,0.000000000,0.000000000,40.002608841,0.000000000,0.000000000,0.000000000,0.004225595,0.000000117,0.000000055,0.000750353,-0.000000000,0.000000000,0.000000000,-0.000000938,-0.000000549,0.074002394,0.000000000,0.012587022,-0.000000000,0.000000000,0.000000023,0.000000000,0.008150592,-0.000000000,0.000000000,0.000000000,0.000000000,0.000000000,0.000000000,0.000000000,0.000000000,0.000000000,0.000000000,-0.032760075,0.049109795,0.002608841,0.002936840,0.004225595,-0.000517008,-0.695893049,0.000000000,0.000000000,0.000000000,0.000000000,-0.035866309,0.179181024,-3.030100107
1706604098.975253,1.000000000,1.000000000,0.325300008,0.766399980,-0.696142434,-0.035980517,0.178413506,-3.030100107,0.325300008,0.766399980,0.002739927,0.034109928,0.020205308,0.044608658,0.001167998,0.000428997,-0.000667012,0.000000000,0.000000000,40.044608658,0.000000000,0.000000000,0.000000000,0.000333099,-0.000001238,0.000000168,0.001383137,-0.000000000,0.000000000,0.000000000,0.000009903,-0.000001683,0.069024121,0.000000000,-0.001762983,-0.000000000,0.000000000,-0.000000248,0.000000000,0.008285549,-0.000000000,0.000000000,0.000000000,0.000000000,0.000000000,0.000000000,0.000000000,0.000000000,0.000000000,0.000000000,0.002739927,0.034109928,0.044608658,0.002361845,0.000333099,-0.000667012,-0.695935488,0.000000000,0.000000000,0.000000000,0.000000000,-0.035885699,0.179050818,-3.030100107
1706604099.075114,1.000000000,1.000000000,0.325300008,0.766399980,-0.696189028,-0.036001796,0.178270599,-3.030100107,0.325300008,0.766399980,0.023740026,0.059109833,0.028480540,0.061609238,0.001768001,-0.001271005,-0.001067016,0.000000000,0.000000000,40.061609238,0.000000000,0.000000000,0.000000000,-0.002101906,-0.000000447,0.000000107,0.001773257,-0.000000000,0.000000000,0.000000000,0.000003578,-0.000001065,0.065937164,0.000000000,-0.010563027,-0.000000000,0.000000000,-0.000000089,0.000000000,0.008366973,-0.000000000,0.000000000,0.000000000,0.000000000,0.000000000,0.000000000,0.000000000,0.000000000,0.000000000,0.000000000,0.023740026,0.059109833,0.061609238,0.003836845,-0.002101906,-0.001067016,-0.695989788,0.000000000,0.000000000,0.000000000,0.000000000,-0.035910554,0.178883851,-3.030100107
1706604099.174993,1.000000000,1.000000000,0.325300008,0.766399980,-0.696245804,-0.036027793,0.178095959,-3.030100107,0.325300008,0.766399980,0.021740028,0.040609886,0.029432883,0.065108841,0.001968001,-0.000521009,-0.000817016,0.000000000,0.000000000,40.065108841,0.000000000,0.000000000,0.000000000,-0.001281910,-0.000000515,0.000000152,0.001443827,-0.000000000,0.000000000,0.000000000,0.000004122,-0.000001524,0.068579603,0.000000000,-0.009513028,-0.000000000,0.000000000,-0.000000103,0.000000000,0.008301787,-0.000000000,0.000000000,0.000000000,0.000000000,0.000000000,0.000000000,0.000000000,0.000000000,0.000000000,0.000000000,0.021740028,0.040609886,0.065108841,0.003389347,-0.001281910,-0.000817016,-0.696034014,0.000000000,0.000000000,0.000000000,0.000000000,-0.035930797,0.178747907,-3.030100107
1706604099.408334,1.000000000,1.000000000,0.325300008,0.766399980,-0.696288037,-0.036047123,0.177966155,-3.030100107,0.325300008,0.766399980,-0.050259951,-0.010890053,-0.019269716,-0.041391403,-0.002332003,0.002428989,-0.001117015,0.000000000,0.000000000,39.958608597,0.000000000,0.000000000,0.000000000,0.004188087,-0.000001613,0.000000325,0.003994268,-0.000000000,0.000000000,0.000000000,0.000012904,-0.000003249,0.047963073,0.000000000,0.018986965,-0.000000000,0.000000000,-0.000000323,0.000000000,0.008790575,-0.000000000,0.000000000,0.000000000,0.000000000,0.000000000,0.000000000,0.000000000,0.000000000,0.000000000,0.000000000,-0.050259951,-0.010890053,-0.041391403,-0.002713155,0.004188087,-0.001117015,-0.696156383,0.000000000,0.000000000,0.000000000,0.000000000,-0.035986789,0.178371832,-3.030100107
1706604099.507995,1.000000000,1.000000000,0.325300008,0.766399980,-0.696425382,-0.036109962,0.177544058,-3.030100107,0.325300008,0.766399980,-0.042259958,-0.083389805,-0.012156868,-0.024890549,0.000717995,0.001928995,-0.001067016,0.000000000,0.000000000,39.975109451,0.000000000,0.000000000,0.000000000,0.003408094,0.000000059,-0.000000069,0.002018342,-0.000000000,0.000000000,0.000000000,-0.000000468,0.000000690,0.063803486,0.000000000,0.015836967,-0.000000000,0.000000000,0.000000012,0.000000000,0.008398690,-0.000000000,0.000000000,0.000000000,0.000000000,0.000000000,0.000000000,0.000000000,0.000000000,0.000000000,0.000000000,-0.042259958,-0.083389805,-0.024890549,-0.002200648,0.003408094,-0.001067016,-0.696218133,0.000000000,0.000000000,0.000000000,0.000000000,-0.036015064,0.178181767,-3.030100107
1706604099.607993,1.000000000,1.000000000,0.325300008,0.766399980,-0.696475110,-0.036132748,0.177390886,-3.030100107,0.325300008,0.766399980,-0.084259918,-0.095889805,-0.037744562,-0.062891037,-0.009232004,0.005178998,-0.002017019,0.000000000,0.000000000,39.937108963,0.000000000,0.000000000,0.000000000,0.008128095,-0.000000492,0.000000119,0.000298461,-0.000000000,0.000000000,0.000000000,0.000003933,-0.000001189,0.077486527,0.000000000,0.031686948,-0.000000000,0.000000000,-0.000000098,0.000000000,0.008047114,-0.000000000,0.000000000,0.000000000,0.000000000,0.000000000,0.000000000,0.000000000,0.000000000,0.000000000,0.000000000,-0.084259918,-0.095889805,-0.062891037,-0.012588147,0.008128095,-0.002017019,-0.696227312,0.000000000,0.000000000,0.000000000,0.000000000,-0.036019254,0.178153679,-3.030100107
1706604099.708004,1.000000000,1.000000000,0.325300008,0.766399980,-0.696473542,-0.036132012,0.177395908,-3.030100107,0.325300008,0.766399980,-0.043259933,-0.113389919,-0.004256640,0.017110031,-0.007132006,0.002328996,-0.000917015,0.000000000,0.000000000,40.017110031,0.000000000,0.000000000,0.000000000,0.003843094,0.000000379,-0.000000047,0.001216749,-0.000000000,0.000000000,0.000000000,-0.000003029,0.000000471,0.070300225,0.000000000,0.016386958,-0.000000000,0.000000000,0.000000076,0.000000000,0.008246772,-0.000000000,0.000000000,0.000000000,0.000000000,0.000000000,0.000000000,0.000000000,0.000000000,0.000000000,0.000000000,-0.043259933,-0.113389919,0.017110031,-0.011100653,0.003843094,-0.000917015,-0.696264505,0.000000000,0.000000000,0.000000000,0.000000000,-0.036036301,0.178039089,-3.030100107
1706604099.808228,1.000000000,1.000000000,0.325300008,0.766399980,-0.696516828,-0.036151857,0.177262511,-3.030100107,0.325300008,0.766399980,-0.099259832,-0.056890057,-0.016329106,-0.016389877,-0.007782003,0.005728991,-0.001917017,0.000000000,0.000000000,39.983610123,0.000000000,0.000000000,0.000000000,0.009203085,-0.000000837,0.000000163,0.001442824,-0.000000000,0.000000000,0.000000000,0.000006700,-0.000001631,0.068424630,0.000000000,0.037786916,-0.000000000,0.000000000,-0.000000167,0.000000000,0.008285287,-0.000000000,0.000000000,0.000000000,0.000000000,0.000000000,0.000000000,0.000000000,0.000000000,0.000000000,0.000000000,-0.099259832,-0.056890057,-0.016389877,-0.009773155,0.009203085,-0.001917017,-0.696308732,0.000000000,0.000000000,0.000000000,0.000000000,-0.036056530,0.177903250,-3.030100107
1706604099.988137,1.000000000,1.000000000,0.325300008,0.766399980,-0.696562256,-0.036172624,0.177123053,-3.030100107,0.325300008,0.766399980,-0.100759771,-0.009390018,-0.029466738,-0.064390213,-0.003382002,0.003528987,0.001032993,0.000000000,0.000000000,39.935609787,0.000000000,0.000000000,0.000000000,0.007055579,-0.000001562,0.000000335,0.003548329,-0.000000000,0.000000000,0.000000000,0.000012494,-0.000003348,0.051484591,0.000000000,0.041336901,-0.000000000,0.000000000,-0.000000312,0.000000000,0.008696788,-0.000000000,0.000000000,0.000000000,0.000000000,0.000000000,0.000000000,0.000000000,0.000000000,0.000000000,0.000000000,-0.100759771,-0.009390018,-0.064390213,-0.003710652,0.007055579,0.001032993,-0.696417451,0.000000000,0.000000000,0.000000000,0.000000000,-0.036106274,0.177569166,-3.030100107
1706604100.034621,1.000000000,1.000000000,0.325300008,0.766399980,-0.696683580,-0.036228133,0.176750223,-3.030100107,0.325300008,0.766399980,-0.084759787,0.037610008,-0.030121444,-0.069889481,-0.003482002,0.002728985,-0.001667008,0.000000000,0.000000000,39.930110519,0.000000000,0.000000000,0.000000000,0.005695578,0.000000299,-0.000000029,0.000386642,-0.000000000,0.000000000,0.000000000,-0.000002395,0.000000294,0.076767084,0.000000000,0.032236906,-0.000000000,0.000000000,0.000000060,0.000000000,0.008063351,-0.000000000,0.000000000,0.000000000,0.000000000,0.000000000,0.000000000,0.000000000,0.000000000,0.000000000,0.000000000,-0.084759787,0.037610008,-0.069889481,-0.002165652,0.005695578,-0.001667008,-0.696429253,0.000000000,0.000000000,0.000000000,0.000000000,-0.036111690,0.177532747,-3.030100107
1706604100.107212,1.000000000,1.000000000,0.325300008,0.766399980,-0.696675965,-0.036224676,0.176773443,-3.030100107,0.325300008,0.766399980,-0.026259830,0.035110046,-0.007209089,-0.010889847,-0.004082002,-0.000221013,-0.000167007,0.000000000,0.000000000,39.989110153,0.000000000,0.000000000,0.000000000,0.000698081,0.000000107,-0.000000009,0.001874336,-0.000000000,0.000000000,0.000000000,-0.000000856,0.000000093,0.064983533,0.000000000,0.010336925,-0.000000000,0.000000000,0.000000021,0.000000000,0.008372689,-0.000000000,0.000000000,0.000000000,0.000000000,0.000000000,0.000000000,0.000000000,0.000000000,0.000000000,0.000000000,-0.026259830,0.035110046,-0.010889847,-0.002853150,0.000698081,-0.000167007,-0.696486592,0.000000000,0.000000000,0.000000000,0.000000000,-0.036137953,0.177356243,-3.030100107
1706604100.207514,1.000000000,1.000000000,0.325300008,0.766399980,-0.696742773,-0.036255273,0.176567810,-3.030100107,0.325300008,0.766399980,-0.030259874,0.007110073,0.013960913,0.039110153,-0.001932001,0.004928993,-0.000867010,0.000000000,0.000000000,40.039110153,0.000000000,0.000000000,0.000000000,0.005988088,-0.000000511,0.000000176,0.000910080,-0.000000000,0.000000000,0.000000000,0.000004086,-0.000001755,0.072797578,0.000000000,0.011236940,-0.000000000,0.000000000,-0.000000102,0.000000000,0.008189838,-0.000000000,0.000000000,0.000000000,0.000000000,0.000000000,0.000000000,0.000000000,0.000000000,0.000000000,0.000000000,-0.030259874,0.007110073,0.039110153,-0.001683148,0.005988088,-0.000867010,-0.696514487,0.000000000,0.000000000,0.000000000,0.000000000,-0.036150720,0.177270561,-3.030100107
1706604100.307980,1.000000000,1.000000000,0.325300008,0.766399980,-0.696765085,-0.036265477,0.176499351,-3.030100107,0.325300008,0.766399980,0.026240036,0.005610039,0.015558473,0.041610306,-0.001282000,-0.000021006,-0.002167011,0.000000000,0.000000000,40.041610306,0.000000000,0.000000000,0.000000000,-0.000939407,-0.000000811,0.000000043,0.000114358,-0.000000000,0.000000000,0.000000000,0.000006485,-0.000000430,0.079168358,0.000000000,-0.012663025,-0.000000000,0.000000000,-0.000000162,0.000000000,0.008031194,-0.000000000,0.000000000,0.000000000,0.000000000,0.000000000,0.000000000,0.000000000,0.000000000,0.000000000,0.000000000,0.026240036,0.005610039,0.041610306,-0.001085649,-0.000939407,-0.002167011,-0.696518064,0.000000000,0.000000000,0.000000000,0.000000000,-0.036152322,0.177259818,-3.030100107
1706604100.407840,1.000000000,1.000000000,0.325300008,0.766399980,-0.696763813,-0.036264856,0.176503548,-3.030100107,0.325300008,0.766399980,-0.008259991,-0.037389896,0.000702865,0.004108780,0.000367999,0.002328999,-0.001767010,0.000000000,0.000000000,40.004108780,0.000000000,0.000000000,0.000000000,0.002618099,-0.000000232,0.000000063,0.000614853,-0.000000000,0.000000000,0.000000000,0.000001855,-0.000000632,0.075089396,0.000000000,0.001536986,-0.000000000,0.000000000,-0.000000046,0.000000000,0.008123792,-0.000000000,0.000000000,0.000000000,0.000000000,0.000000000,0.000000000,0.000000000,0.000000000,0.000000000,0.000000000,-0.008259991,-0.037389896,0.004108780,-0.000940647,0.002618099,-0.001767010,-0.696536899,0.000000000,0.000000000,0.000000000,0.000000000,-0.036160942,0.177201927,-3.030100107
1706604100.508016,1.000000000,1.000000000,0.325300008,0.766399980,-0.696785470,-0.036274774,0.176436934,-3.030100107,0.325300008,0.766399980,-0.014259985,-0.123889778,0.011625662,-0.013890488,0.021518000,-0.000371002,-0.001817012,0.000000000,0.000000000,39.986109512,0.000000000,0.000000000,0.000000000,0.000128098,-0.000000182,0.000000135,0.000897468,-0.000000000,0.000000000,0.000000000,0.000001458,-0.000001348,0.072792476,0.000000000,0.003886982,-0.000000000,0.000000000,-0.000000036,0.000000000,0.008176715,-0.000000000,0.000000000,0.000000000,0.000000000,0.000000000,0.000000000,0.000000000,0.000000000,0.000000000,0.000000000,-0.014259985,-0.123889778,-0.013890488,0.017181857,0.000128098,-0.001817012,-0.696564376,0.000000000,0.000000000,0.000000000,0.000000000,-0.036173530,0.177117422,-3.030100107
1706604100.607656,1.000000000,1.000000000,0.325300008,0.766399980,-0.696814566,-0.036288104,0.176347445,-3.030100107,0.325300008,0.766399980,-0.050759962,-0.252389763,0.059828051,-0.000890762,0.069017998,0.007279000,-0.008867014,0.000000000,0.000000000,39.999109238,0.000000000,0.000000000,0.000000000,0.009055598,-0.000000899,0.000000186,0.002122494,-0.000000000,0.000000000,0.000000000,0.000007188,-0.000001857,0.063018263,0.000000000,0.011436971,-0.000000000,0.000000000,-0.000000180,0.000000000,0.008424321,-0.000000000,0.000000000,0.000000000,0.000000000,0.000000000,0.000000000,0.000000000,0.000000000,0.000000000,0.000000000,-0.050759962,-0.252389763,-0.000890762,0.060184356,0.009055598,-0.008867014,-0.696629405,0.000000000,0.000000000,0.000000000,0.000000000,-0.036203284,0.176917583,-3.030100107
1706604100.708021,1.000000000,1.000000000,0.325300008,0.766399980,-0.696887185,-0.036321326,0.176124294,-3.030100107,0.325300008,0.766399980,-0.176759937,-0.412889812,-0.017139474,-0.361890823,0.142067999,0.015828998,-0.030967013,0.000000000,0.000000000,39.638109177,0.000000000,0.000000000,0.000000000,0.022015596,-0.000000139,0.000000024,0.000250861,-0.000000000,0.000000000,0.000000000,0.000001114,-0.000000240,0.077269329,0.000000000,0.039736962,-0.000000000,0.000000000,-0.000000028,0.000000000,0.007977794,-0.000000000,0.000000000,0.000000000,0.000000000,0.000000000,0.000000000,0.000000000,0.000000000,0.000000000,0.000000000,-0.176759937,-0.412889812,-0.361890823,0.127616855,0.022015596,-0.030967013,-0.696637094,0.000000000,0.000000000,0.000000000,0.000000000,-0.036206800,0.176893964,-3.030100107
1706604100.808063,1.000000000,1.000000000,0.325300008,0.766399980,-0.696881197,-0.036318587,0.176142719,-3.030100107,0.325300008,0.766399980,-0.319759944,-0.702889965,-0.021639663,-0.656891281,0.265717998,0.028028995,-0.068517015,0.000000000,0.000000000,39.343108719,0.000000000,0.000000000,0.000000000,0.039220593,-0.000000238,0.000000109,0.001620013,-0.000000000,0.000000000,0.000000000,0.000001906,-0.000001095,0.065726116,0.000000000,0.059386963,-0.000000000,0.000000000,-0.000000048,0.000000000,0.008192624,-0.000000000,0.000000000,0.000000000,0.000000000,0.000000000,0.000000000,0.000000000,0.000000000,0.000000000,0.000000000,-0.319759944,-0.702889965,-0.656891281,0.241116849,0.039220593,-0.068517015,-0.696686685,0.000000000,0.000000000,0.000000000,0.000000000,-0.036229510,0.176741421,-3.030100107
1706604100.907980,1.000000000,1.000000000,0.325300008,0.766399980,-0.696937363,-0.036344306,0.175969946,-3.030100107,0.325300008,0.766399980,-0.419760015,-1.090889977,-0.131619751,-1.332891495,0.439717996,0.036778995,-0.111767012,0.000000000,0.000000000,38.667108505,0.000000000,0.000000000,0.000000000,0.051470596,-0.000000626,0.000000116,0.000987646,-0.000000000,0.000000000,0.000000000,0.000005006,-0.000001163,0.069433050,0.000000000,0.056136994,-0.000000000,0.000000000,-0.000000125,0.000000000,0.007930951,-0.000000000,0.000000000,0.000000000,0.000000000,0.000000000,0.000000000,0.000000000,0.000000000,0.000000000,0.000000000,-0.419760015,-1.090889977,-1.332891495,0.401536847,0.051470596,-0.111767012,-0.696716964,0.000000000,0.000000000,0.000000000,0.000000000,-0.036243357,0.176648438,-3.030100107
1706604101.007687,1.000000000,1.000000000,0.325300008,0.766399980,-0.696959643,-0.036354486,0.175901607,-3.030100107,0.325300008,0.766399980,-0.694260004,-1.509890030,-0.071284278,-1.705890305,0.663917995,0.058178994,-0.169617013,0.000000000,0.000000000,38.294109695,0.000000000,0.000000000,0.000000000,0.082478094,-0.000000155,0.000000052,0.000955995,-0.000000000,0.000000000,0.000000000,0.000001244,-0.000000524,0.068940256,0.000000000,0.108086989,-0.000000000,0.000000000,-0.000000031,0.000000000,0.007850021,-0.000000000,0.000000000,0.000000000,0.000000000,0.000000000,0.000000000,0.000000000,0.000000000,0.000000000,0.000000000,-0.694260004,-1.509890030,-1.705890305,0.611071844,0.082478094,-0.169617013,-0.696746230,0.000000000,0.000000000,0.000000000,0.000000000,-0.036256757,0.176558420,-3.030100107
1706604101.107995,1.000000000,1.000000000,0.325300008,0.766399980,-0.696986424,-0.036366753,0.175819207,-3.030100107,0.325300008,0.766399980,-1.069759992,-1.792389820,-0.103971841,-2.226390488,0.849317998,0.094028994,-0.215717014,0.000000000,0.000000000,37.773609512,0.000000000,0.000000000,0.000000000,0.131470594,-0.000000633,0.000000098,0.000806459,-0.000000000,0.000000000,0.000000000,0.000005062,-0.000000984,0.069095550,0.000000000,0.212186983,-0.000000000,0.000000000,-0.000000127,0.000000000,0.007716014,-0.000000000,0.000000000,0.000000000,0.000000000,0.000000000,0.000000000,0.000000000,0.000000000,0.000000000,0.000000000,-1.069759992,-1.792389820,-2.226390488,0.786584354,0.131470594,-0.215717014,-0.696770966,0.000000000,0.000000000,0.000000000,0.000000000,-0.036268063,0.176482499,-3.030100107
1706604101.208084,1.000000000,1.000000000,0.325300008,0.766399980,-0.697007068,-0.036376181,0.175755907,-3.030100107,0.325300008,0.766399980,-1.235259965,-1.956389759,-0.108412115,-2.627891190,1.011218003,0.106128991,-0.252717013,0.000000000,0.000000000,37.372108810,0.000000000,0.000000000,0.000000000,0.149363089,-0.000000531,0.000000071,0.001225604,-0.000000000,0.000000000,0.000000000,0.000004244,-0.000000711,0.064939389,0.000000000,0.241386973,-0.000000000,0.000000000,-0.000000106,0.000000000,0.007719542,-0.000000000,0.000000000,0.000000000,0.000000000,0.000000000,0.000000000,0.000000000,0.000000000,0.000000000,0.000000000,-1.235259965,-1.956389759,-2.627891190,0.942744361,0.149363089,-0.252717013,-0.696808517,0.000000000,0.000000000,0.000000000,0.000000000,-0.036285240,0.176367104,-3.030100107
1706604101.308036,1.000000000,1.000000000,0.325300008,0.766399980,-0.697044725,-0.036393407,0.175640180,-3.030100107,0.325300008,0.766399980,-1.400259951,-2.285889767,-0.129394709,-3.191391403,1.227167994,0.123928991,-0.284217011,0.000000000,0.000000000,36.808608597,0.000000000,0.000000000,0.000000000,0.172938089,0.000000069,0.000000078,0.000744359,-0.000000000,0.000000000,0.000000000,-0.000000555,-0.000000783,0.067662346,0.000000000,0.275886969,-0.000000000,0.000000000,0.000000014,0.000000000,0.007510593,-0.000000000,0.000000000,0.000000000,0.000000000,0.000000000,0.000000000,0.000000000,0.000000000,0.000000000,0.000000000,-1.400259951,-2.285889767,-3.191391403,1.147161852,0.172938089,-0.284217011,-0.696831286,0.000000000,0.000000000,0.000000000,0.000000000,-0.036295678,0.176297009,-3.030100107
1706604101.407911,1.000000000,1.000000000,0.325300008,0.766399980,-0.697061090,-0.036400919,0.175589757,-3.030100107,0.325300008,0.766399980,-1.028259972,-2.424889896,-0.132409899,-3.798891861,1.472017992,0.097178991,-0.322217012,0.000000000,0.000000000,36.201108139,0.000000000,0.000000000,0.000000000,0.133168090,-0.000000966,0.000000117,0.001465802,-0.000000000,0.000000000,0.000000000,0.000007728,-0.000001168,0.060675797,0.000000000,0.089086977,-0.000000000,0.000000000,-0.000000193,0.000000000,0.007533382,-0.000000000,0.000000000,0.000000000,0.000000000,0.000000000,0.000000000,0.000000000,0.000000000,0.000000000,0.000000000,-1.028259972,-2.424889896,-3.798891861,1.387146845,0.133168090,-0.322217012,-0.696876228,0.000000000,0.000000000,0.000000000,0.000000000,-0.036316223,0.176159009,-3.030100107
1706604101.507918,1.000000000,1.000000000,0.325300008,0.766399980,-0.697106748,-0.036421782,0.175449618,-3.030100107,0.325300008,0.766399980,-0.993759993,-2.585390041,-0.038777196,-4.085891373,1.686068004,0.104878992,-0.344017012,0.000000000,0.000000000,35.914108627,0.000000000,0.000000000,0.000000000,0.139660592,0.000000086,0.000000086,0.001200249,-0.000000000,0.000000000,0.000000000,-0.000000688,-0.000000859,0.062226227,0.000000000,0.053486986,-0.000000000,0.000000000,0.000000017,0.000000000,0.007422871,-0.000000000,0.000000000,0.000000000,0.000000000,0.000000000,0.000000000,0.000000000,0.000000000,0.000000000,0.000000000,-0.993759993,-2.585390041,-4.085891373,1.595579353,0.139660592,-0.344017012,-0.696912944,0.000000000,0.000000000,0.000000000,0.000000000,-0.036333051,0.176045984,-3.030100107
1706604101.608035,1.000000000,1.000000000,0.325300008,0.766399980,-0.697140063,-0.036437062,0.175346993,-3.030100107,0.325300008,0.766399980,-0.931259969,-2.790389774,0.185698022,-4.067390854,1.910318005,0.107478993,-0.379117011,0.000000000,0.000000000,35.932609146,0.000000000,0.000000000,0.000000000,0.140073091,-0.000000473,0.000000073,0.001274482,-0.000000000,0.000000000,0.000000000,0.000003786,-0.000000733,0.061669360,0.000000000,-0.006613024,-0.000000000,0.000000000,-0.000000095,0.000000000,0.007441418,-0.000000000,0.000000000,0.000000000,0.000000000,0.000000000,0.000000000,0.000000000,0.000000000,0.000000000,0.000000000,-0.931259969,-2.790389774,-4.067390854,1.812654363,0.140073091,-0.379117011,-0.696951985,0.000000000,0.000000000,0.000000000,0.000000000,-0.036350913,0.175925985,-3.030100107
1706604101.843209,1.000000000,1.000000000,0.325300008,0.766399980,-0.697179683,-0.036455183,0.175225251,-3.030100107,0.325300008,0.766399980,-1.425759962,-3.673389862,0.270343548,-5.132389481,2.451867986,0.176378992,-0.423317009,0.000000000,0.000000000,34.867610519,0.000000000,0.000000000,0.000000000,0.226280591,-0.000001155,0.000000251,0.004679454,-0.000000000,0.000000000,0.000000000,0.000009239,-0.000002508,0.032299587,0.000000000,0.146986976,-0.000000000,0.000000000,-0.000000231,0.000000000,0.007909413,-0.000000000,0.000000000,0.000000000,0.000000000,0.000000000,0.000000000,0.000000000,0.000000000,0.000000000,0.000000000,-1.425759962,-3.673389862,-5.132389481,2.323299341,0.226280591,-0.423317009,-0.697095275,0.000000000,0.000000000,0.000000000,0.000000000,-0.036416501,0.175485373,-3.030100107
1706604101.943324,1.000000000,1.000000000,0.325300008,0.766399980,-0.697337305,-0.036527328,0.174740572,-3.030100107,0.325300008,0.766399980,-1.719759992,-4.104389809,0.260958337,-5.856390030,2.747167993,0.228978991,-0.432317008,0.000000000,0.000000000,-0.856390030,0.000000000,0.000000000,0.000000000,0.289170591,0.000000000,0.000000000,0.000000000,-0.000000000,0.000000000,0.000000000,0.000000000,0.000000000,-0.001712780,0.000000000,0.255586989,-0.000000000,0.000000000,0.000000000,0.000000000,-0.000171278,-0.000000000,0.000000000,0.000000000,0.000000000,0.000000000,0.000000000,0.000000000,0.000000000,0.000000000,0.000000000,-1.719759992,-4.104389809,-5.856390030,2.603514349,0.289170591,-0.432317008,-0.697095275,0.000000000,0.000000000,0.000000000,0.000000000,-0.036416501,0.175485373,-3.030100107
1706604102.181730,1.000000000,1.000000000,0.325300008,0.766399980,-0.697090034,-0.036414101,0.175501501,-3.030100107,0.325300008,0.766399980,-1.895759967,-5.315389679,0.553122590,-6.297391922,3.258117998,0.315928993,-0.394017009,0.000000000,0.000000000,-1.297391922,0.000000000,0.000000000,0.000000000,0.382280591,0.000000147,0.000000014,0.000212790,-0.000000000,0.000000000,0.000000000,-0.000001173,-0.000000145,-0.004297108,0.000000000,0.364286977,-0.000000000,0.000000000,0.000000029,0.000000000,-0.000216920,-0.000000000,0.000000000,0.000000000,0.000000000,0.000000000,0.000000000,0.000000000,0.000000000,0.000000000,0.000000000,-1.895759967,-5.315389679,-6.297391922,3.072079359,0.382280591,-0.394017009,-0.697101772,0.000000000,0.000000000,0.000000000,0.000000000,-0.036419485,0.175465330,-3.030100107
1706604102.281175,1.000000000,1.000000000,0.325300008,0.766399980,-0.697095132,-0.036416445,0.175485756,-3.030100107,0.325300008,0.766399980,-1.914759973,-5.582389496,0.578227799,-6.153891403,3.235167992,0.322028990,-0.386767009,0.000000000,0.000000000,-1.153891403,0.000000000,0.000000000,0.000000000,0.389045589,-0.000000015,-0.000000025,-0.000167577,-0.000000000,0.000000000,0.000000000,0.000000123,0.000000247,-0.000967167,0.000000000,0.379136980,-0.000000000,0.000000000,-0.000000003,0.000000000,-0.000264294,-0.000000000,0.000000000,0.000000000,0.000000000,0.000000000,0.000000000,0.000000000,0.000000000,0.000000000,0.000000000,-1.914759973,-5.582389496,-6.153891403,3.039784360,0.389045589,-0.386767009,-0.697096646,0.000000000,0.000000000,0.000000000,0.000000000,-0.036417134,0.175481111,-3.030100107
1706604102.381503,1.000000000,1.000000000,0.325300008,0.766399980,-0.697088559,-0.036413431,0.175505999,-3.030100107,0.325300008,0.766399980,-1.888259938,-5.876389359,0.582888017,-5.997890884,3.187717998,0.308778991,-0.394167007,0.000000000,0.000000000,-0.997890884,0.000000000,0.000000000,0.000000000,0.374868089,-0.000000052,0.000000005,-0.000068343,-0.000000000,0.000000000,0.000000000,0.000000416,-0.000000055,-0.001449039,0.000000000,0.361136969,-0.000000000,0.000000000,-0.000000010,0.000000000,-0.000213247,-0.000000000,0.000000000,0.000000000,0.000000000,0.000000000,0.000000000,0.000000000,0.000000000,0.000000000,0.000000000,-1.888259938,-5.876389359,-5.997890884,2.982044371,0.374868089,-0.394167007,-0.697094560,0.000000000,0.000000000,0.000000000,0.000000000,-0.036416177,0.175487548,-3.030100107
1706604102.481511,1.000000000,1.000000000,0.325300008,0.766399980,-0.697088036,-0.036413189,0.175507629,-3.030100107,0.325300008,0.766399980,-1.963259938,-5.937389229,0.620152958,-5.932391006,3.200917983,0.306928994,-0.412617007,0.000000000,0.000000000,-0.932391006,0.000000000,0.000000000,0.000000000,0.375643092,0.000000294,-0.000000003,-0.000051681,-0.000000000,0.000000000,0.000000000,-0.000002354,0.000000028,-0.001451333,0.000000000,0.372686968,-0.000000000,0.000000000,0.000000059,0.000000000,-0.000196814,-0.000000000,0.000000000,0.000000000,0.000000000,0.000000000,0.000000000,0.000000000,0.000000000,0.000000000,0.000000000,-1.963259938,-5.937389229,-5.932391006,2.993109360,0.375643092,-0.412617007,-0.697092950,0.000000000,0.000000000,0.000000000,0.000000000,-0.036415454,0.175492406,-3.030100107
1706604102.581550,1.000000000,1.000000000,0.325300008,0.766399980,-0.697086923,-0.036412697,0.175510938,-3.030100107,0.325300008,0.766399980,-2.109759953,-5.985889481,0.632705823,-5.961890060,3.226967979,0.306828996,-0.445167010,0.000000000,0.000000000,-0.961890060,0.000000000,0.000000000,0.000000000,0.380670595,0.000000006,-0.000000002,0.000011708,-0.000000000,0.000000000,0.000000000,-0.000000050,0.000000018,-0.002017441,0.000000000,0.398736971,-0.000000000,0.000000000,0.000000001,0.000000000,-0.000190036,-0.000000000,0.000000000,0.000000000,0.000000000,0.000000000,0.000000000,0.000000000,0.000000000,0.000000000,0.000000000,-2.109759953,-5.985889481,-5.961890060,3.017461847,0.380670595,-0.445167010,-0.697093308,0.000000000,0.000000000,0.000000000,0.000000000,-0.036415618,0.175491303,-3.030100107
1706604102.681523,1.000000000,1.000000000,0.325300008,0.766399980,-0.697087493,-0.036412955,0.175509198,-3.030100107,0.325300008,0.766399980,-2.241759995,-6.029889725,0.642816245,-5.970888931,3.242217958,0.305628997,-0.482417010,0.000000000,0.000000000,-0.970888931,0.000000000,0.000000000,0.000000000,0.384090597,-0.000000491,0.000000004,-0.000028801,-0.000000000,0.000000000,0.000000000,0.000003930,-0.000000041,-0.001711372,0.000000000,0.414286988,-0.000000000,0.000000000,-0.000000098,0.000000000,-0.000199938,-0.000000000,0.000000000,0.000000000,0.000000000,0.000000000,0.000000000,0.000000000,0.000000000,0.000000000,0.000000000,-2.241759995,-6.029889725,-5.970888931,3.031171818,0.384090597,-0.482417010,-0.697092474,0.000000000,0.000000000,0.000000000,0.000000000,-0.036415212,0.175494030,-3.030100107
1706604102.785926,1.000000000,1.000000000,0.325300008,0.766399980,-0.697086365,-0.036412410,0.175512861,-3.030100107,0.325300008,0.766399980,-2.438760021,-6.085390137,0.656123689,-5.967889053,3.256267965,0.306228995,-0.522817010,0.000000000,0.000000000,-0.967889053,0.000000000,0.000000000,0.000000000,0.391585596,0.000000149,0.000000021,-0.000038497,-0.000000000,0.000000000,0.000000000,-0.000001195,-0.000000213,-0.001627803,0.000000000,0.452686999,-0.000000000,0.000000000,0.000000030,0.000000000,-0.000201277,-0.000000000,0.000000000,0.000000000,0.000000000,0.000000000,0.000000000,0.000000000,0.000000000,0.000000000,0.000000000,-2.438760021,-6.085390137,-5.967889053,3.043279310,0.391585596,-0.522817010,-0.697091281,0.000000000,0.000000000,0.000000000,0.000000000,-0.036414675,0.175497651,-3.030100107
1706604102.881492,1.000000000,1.000000000,0.325300008,0.766399980,-0.697085120,-0.036411855,0.175516604,-3.030100107,0.325300008,0.766399980,-2.579760006,-6.095389984,0.657773547,-5.976889450,3.261867976,0.302728993,-0.559717009,0.000000000,0.000000000,-0.976889450,0.000000000,0.000000000,0.000000000,0.393020593,0.000000254,0.000000009,-0.000014796,-0.000000000,0.000000000,0.000000000,-0.000002028,-0.000000095,-0.001835412,0.000000000,0.472186993,-0.000000000,0.000000000,0.000000051,0.000000000,-0.000198337,-0.000000000,0.000000000,0.000000000,0.000000000,0.000000000,0.000000000,0.000000000,0.000000000,0.000000000,0.000000000,-2.579760006,-6.095389984,-5.976889450,3.048529327,0.393020593,-0.559717009,-0.697090805,0.000000000,0.000000000,0.000000000,0.000000000,-0.036414471,0.175499037,-3.030100107
1706604102.981461,1.000000000,1.000000000,0.325300008,0.766399980,-0.697084731,-0.036411692,0.175517712,-3.030100107,0.325300008,0.766399980,-2.701759985,-6.103889702,0.670725621,-5.960890610,3.268718004,0.296228990,-0.599417010,0.000000000,0.000000000,-0.960890610,0.000000000,0.000000000,0.000000000,0.390790589,-0.000000316,-0.000000048,-0.000039942,-0.000000000,0.000000000,0.000000000,0.000002529,0.000000476,-0.001602246,0.000000000,0.481286984,-0.000000000,0.000000000,-0.000000063,0.000000000,-0.000200167,-0.000000000,0.000000000,0.000000000,0.000000000,0.000000000,0.000000000,0.000000000,0.000000000,0.000000000,0.000000000,-2.701759985,-6.103889702,-5.960890610,3.055081865,0.390790589,-0.599417010,-0.697089612,0.000000000,0.000000000,0.000000000,0.000000000,-0.036413904,0.175502807,-3.030100107
1706604103.081505,1.000000000,1.000000000,0.325300008,0.766399980,-0.697083494,-0.036411099,0.175521658,-3.030100107,0.325300008,0.766399980,-2.829259971,-6.066389702,0.685188110,-5.939890701,3.273468030,0.290328991,-0.638717010,0.000000000,0.000000000,-0.939890701,0.000000000,0.000000000,0.000000000,0.389353090,0.000000067,0.000000027,-0.000021221,-0.000000000,0.000000000,0.000000000,-0.000000535,-0.000000270,-0.001710010,0.000000000,0.492986979,-0.000000000,0.000000000,0.000000013,0.000000000,-0.000192222,-0.000000000,0.000000000,0.000000000,0.000000000,0.000000000,0.000000000,0.000000000,0.000000000,0.000000000,0.000000000,-2.829259971,-6.066389702,-5.939890701,3.061144390,0.389353090,-0.638717010,-0.697088957,0.000000000,0.000000000,0.000000000,0.000000000,-0.036413610,0.175504804,-3.030100107
1706604103.257123,1.000000000,1.000000000,0.325300008,0.766399980,-0.697083074,-0.036410917,0.175522904,-3.030100107,0.325300008,0.766399980,-3.054759982,-5.990889977,0.676930594,-5.978890640,3.278167999,0.281628992,-0.710867010,0.000000000,0.000000000,-0.978890640,0.000000000,0.000000000,0.000000000,0.388545591,0.000000195,0.000000017,-0.000094846,-0.000000000,0.000000000,0.000000000,-0.000001563,-0.000000167,-0.001199010,0.000000000,0.511036983,-0.000000000,0.000000000,0.000000039,0.000000000,-0.000214747,-0.000000000,0.000000000,0.000000000,0.000000000,0.000000000,0.000000000,0.000000000,0.000000000,0.000000000,0.000000000,-3.054759982,-5.990889977,-5.978890640,3.068486850,0.388545591,-0.710867010,-0.697086036,0.000000000,0.000000000,0.000000000,0.000000000,-0.036412284,0.175513729,-3.030100107
1706604103.301890,1.000000000,1.000000000,0.325300008,0.766399980,-0.697079462,-0.036409275,0.175533950,-3.030100107,0.325300008,0.766399980,-3.149759987,-5.919890068,0.649715705,-6.048890335,3.276467991,0.280878992,-0.729717010,0.000000000,0.000000000,-1.048890335,0.000000000,0.000000000,0.000000000,0.391120592,0.000000011,-0.000000013,-0.000064252,-0.000000000,0.000000000,0.000000000,-0.000000084,0.000000129,-0.001583768,0.000000000,0.530186985,-0.000000000,0.000000000,0.000000002,0.000000000,-0.000222628,-0.000000000,0.000000000,0.000000000,0.000000000,0.000000000,0.000000000,0.000000000,0.000000000,0.000000000,0.000000000,-3.149759987,-5.919890068,-6.048890335,3.069271839,0.391120592,-0.729717010,-0.697084069,0.000000000,0.000000000,0.000000000,0.000000000,-0.036411382,0.175519779,-3.030100107
1706604103.381374,1.000000000,1.000000000,0.325300008,0.766399980,-0.697077257,-0.036408263,0.175540744,-3.030100107,0.325300008,0.766399980,-3.318759993,-5.815889786,0.596255931,-6.181889755,3.272567976,0.281828992,-0.761567010,0.000000000,0.000000000,-1.181889755,0.000000000,0.000000000,0.000000000,0.397985592,-0.000000000,0.000000000,0.000000000,-0.000000000,0.000000000,0.000000000,0.000000000,-0.000000000,-0.002363780,0.000000000,0.565936987,-0.000000000,0.000000000,-0.000000000,0.000000000,-0.000236378,-0.000000000,0.000000000,0.000000000,0.000000000,0.000000000,0.000000000,0.000000000,0.000000000,0.000000000,0.000000000,-3.318759993,-5.815889786,-6.181889755,3.069011833,0.397985592,-0.761567010,-0.697084069,0.000000000,0.000000000,0.000000000,0.000000000,-0.036411382,0.175519779,-3.030100107
1706604103.481601,1.000000000,1.000000000,0.325300008,0.766399980,-0.697076837,-0.036408070,0.175542038,-3.030100107,0.325300008,0.766399980,-3.516759947,-5.646889923,0.545071245,-6.306888992,3.265467990,0.281378993,-0.796167010,0.000000000,0.000000000,-1.306888992,0.000000000,0.000000000,0.000000000,0.404465591,0.000000195,-0.000000011,-0.000007185,-0.000000000,0.000000000,0.000000000,-0.000001560,0.000000107,-0.002556299,0.000000000,0.610536969,-0.000000000,0.000000000,0.000000039,0.000000000,-0.000262815,-0.000000000,0.000000000,0.000000000,0.000000000,0.000000000,0.000000000,0.000000000,0.000000000,0.000000000,0.000000000,-3.516759947,-5.646889923,-6.306888992,3.067826842,0.404465591,-0.796167010,-0.697083831,0.000000000,0.000000000,0.000000000,0.000000000,-0.036411282,0.175520450,-3.030100107
1706604103.581440,1.000000000,1.000000000,0.325300008,0.766399980,-0.697075786,-0.036407599,0.175545197,-3.030100107,0.325300008,0.766399980,-3.684259942,-5.476889847,0.512170516,-6.367390854,3.250818002,0.279028992,-0.828567010,0.000000000,0.000000000,-1.367390854,0.000000000,0.000000000,0.000000000,0.407978090,-0.000000214,0.000000016,-0.000027938,-0.000000000,0.000000000,0.000000000,0.000001710,-0.000000160,-0.002511278,0.000000000,0.645136967,-0.000000000,0.000000000,-0.000000043,0.000000000,-0.000279066,-0.000000000,0.000000000,0.000000000,0.000000000,0.000000000,0.000000000,0.000000000,0.000000000,0.000000000,0.000000000,-3.684259942,-5.476889847,-6.367390854,3.059126858,0.407978090,-0.828567010,-0.697082996,0.000000000,0.000000000,0.000000000,0.000000000,-0.036410891,0.175523087,-3.030100107
1706604103.681489,1.000000000,1.000000000,0.325300008,0.766399980,-0.697074462,-0.036406980,0.175549367,-3.030100107,0.325300008,0.766399980,-3.793259933,-5.309889839,0.508515354,-6.351391251,3.234917998,0.272928996,-0.858717010,0.000000000,0.000000000,-1.351391251,0.000000000,0.000000000,0.000000000,0.405693094,-0.000000161,0.000000000,-0.000041408,-0.000000000,0.000000000,0.000000000,0.000001284,-0.000000002,-0.002371518,0.000000000,0.658586963,-0.000000000,0.000000000,-0.000000032,0.000000000,-0.000278560,-0.000000000,0.000000000,0.000000000,0.000000000,0.000000000,0.000000000,0.000000000,0.000000000,0.000000000,0.000000000,-3.793259933,-5.309889839,-6.351391251,3.049071854,0.405693094,-0.858717010,-0.697081745,0.000000000,0.000000000,0.000000000,0.000000000,-0.036410309,0.175526991,-3.030100107
1706604103.781574,1.000000000,1.000000000,0.325300008,0.766399980,-0.697073225,-0.036406406,0.175553224,-3.030100107,0.325300008,0.766399980,-3.914759949,-5.108889816,0.510050572,-6.327390701,3.219817996,0.264928997,-0.895167010,0.000000000,0.000000000,-1.327390701,0.000000000,0.000000000,0.000000000,0.401945595,-0.000000077,-0.000000015,-0.000027512,-0.000000000,0.000000000,0.000000000,0.000000617,0.000000149,-0.002434687,0.000000000,0.670736970,-0.000000000,0.000000000,-0.000000015,0.000000000,-0.000270981,-0.000000000,0.000000000,0.000000000,0.000000000,0.000000000,0.000000000,0.000000000,0.000000000,0.000000000,0.000000000,-3.914759949,-5.108889816,-6.327390701,3.041006853,0.401945595,-0.895167010,-0.697080910,0.000000000,0.000000000,0.000000000,0.000000000,-0.036409922,0.175529584,-3.030100107
1706604103.881706,1.000000000,1.000000000,0.325300008,0.766399980,-0.697072620,-0.036406125,0.175555102,-3.030100107,0.325300008,0.766399980,-4.031259945,-4.906390045,0.516888061,-6.296890671,3.207367981,0.257379000,-0.931167010,0.000000000,0.000000000,-1.296890671,0.000000000,0.000000000,0.000000000,0.398473098,0.000000167,0.000000025,-0.000034546,-0.000000000,0.000000000,0.000000000,-0.000001336,-0.000000255,-0.002317414,0.000000000,0.681336968,-0.000000000,0.000000000,0.000000033,0.000000000,-0.000266287,-0.000000000,0.000000000,0.000000000,0.000000000,0.000000000,0.000000000,0.000000000,0.000000000,0.000000000,0.000000000,-4.031259945,-4.906390045,-6.296890671,3.035644329,0.398473098,-0.931167010,-0.697079837,0.000000000,0.000000000,0.000000000,0.000000000,-0.036409441,0.175532833,-3.030100107
1706604104.045256,1.000000000,1.000000000,0.325300008,0.766399980,-0.697071686,-0.036405710,0.175557907,-3.030100107,0.325300008,0.766399980,-4.144759920,-4.662890099,0.517060527,-6.281390793,3.192817998,0.249529000,-0.965517010,0.000000000,0.000000000,-1.281390793,0.000000000,0.000000000,0.000000000,0.394595597,0.000000325,-0.000000003,-0.000137300,-0.000000000,0.000000000,0.000000000,-0.000002598,0.000000030,-0.001464385,0.000000000,0.692386958,-0.000000000,0.000000000,0.000000065,0.000000000,-0.000283738,-0.000000000,0.000000000,0.000000000,0.000000000,0.000000000,0.000000000,0.000000000,0.000000000,0.000000000,0.000000000,-4.144759920,-4.662890099,-6.281390793,3.029616845,0.394595597,-0.965517010,-0.697075605,0.000000000,0.000000000,0.000000000,0.000000000,-0.036407519,0.175545752,-3.030100107
1706604104.081563,1.000000000,1.000000000,0.325300008,0.766399980,-0.697066918,-0.036403544,0.175572469,-3.030100107,0.325300008,0.766399980,-4.153259900,-4.633390091,0.514292864,-6.277891190,3.187617993,0.248928997,-0.967767010,0.000000000,0.000000000,-1.277891190,0.000000000,0.000000000,0.000000000,0.394293093,0.000000000,0.000000000,0.000000000,-0.000000000,0.000000000,0.000000000,0.000000000,0.000000000,-0.002555782,0.000000000,0.693536950,-0.000000000,0.000000000,0.000000000,0.000000000,-0.000255578,-0.000000000,0.000000000,0.000000000,0.000000000,0.000000000,0.000000000,0.000000000,0.000000000,0.000000000,0.000000000,-4.153259900,-4.633390091,-6.277891190,3.025449340,0.394293093,-0.967767010,-0.697075605,0.000000000,0.000000000,0.000000000,0.000000000,-0.036407519,0.175545752,-3.030100107
1706604104.181608,1.000000000,1.000000000,0.325300008,0.766399980,-0.697067785,-0.036403938,0.175569819,-3.030100107,0.325300008,0.766399980,-4.151259926,-4.572389839,0.510577930,-6.268391068,3.177968001,0.247228995,-0.969267009,0.000000000,0.000000000,-1.268391068,0.000000000,0.000000000,0.000000000,0.392523092,-0.000000007,0.000000011,-0.000042879,-0.000000000,0.000000000,0.000000000,0.000000057,-0.000000112,-0.002193747,0.000000000,0.691236961,-0.000000000,0.000000000,-0.000000001,0.000000000,-0.000262254,-0.000000000,0.000000000,0.000000000,0.000000000,0.000000000,0.000000000,0.000000000,0.000000000,0.000000000,0.000000000,-4.151259926,-4.572389839,-6.268391068,3.017934357,0.392523092,-0.969267009,-0.697074294,0.000000000,0.000000000,0.000000000,0.000000000,-0.036406919,0.175549790,-3.030100107
1706604104.281637,1.000000000,1.000000000,0.325300008,0.766399980,-0.697066270,-0.036403245,0.175574486,-3.030100107,0.325300008,0.766399980,-4.128759959,-4.518889854,0.512000283,-6.246891434,3.168918002,0.245628993,-0.968267009,0.000000000,0.000000000,-1.246891434,0.000000000,0.000000000,0.000000000,0.390135592,-0.000000485,0.000000002,-0.000017093,-0.000000000,0.000000000,0.000000000,0.000003880,-0.000000023,-0.002357037,0.000000000,0.683236974,-0.000000000,0.000000000,-0.000000097,0.000000000,-0.000252797,-0.000000000,0.000000000,0.000000000,0.000000000,0.000000000,0.000000000,0.000000000,0.000000000,0.000000000,0.000000000,-4.128759959,-4.518889854,-6.246891434,3.010756857,0.390135592,-0.968267009,-0.697073817,0.000000000,0.000000000,0.000000000,0.000000000,-0.036406677,0.175551414,-3.030100107
1706604104.381471,1.000000000,1.000000000,0.325300008,0.766399980,-0.697066092,-0.036403134,0.175575223,-3.030100107,0.325300008,0.766399980,-4.095259979,-4.491389893,0.515462823,-6.217891342,3.159818006,0.243928990,-0.965867009,0.000000000,0.000000000,-1.217891342,0.000000000,0.000000000,0.000000000,0.387263089,0.000000510,-0.000000010,-0.000049061,-0.000000000,0.000000000,0.000000000,-0.000004081,0.000000102,-0.002043294,0.000000000,0.672236983,-0.000000000,0.000000000,0.000000102,0.000000000,-0.000253390,-0.000000000,0.000000000,0.000000000,0.000000000,0.000000000,0.000000000,0.000000000,0.000000000,0.000000000,0.000000000,-4.095259979,-4.491389893,-6.217891342,3.002619359,0.387263089,-0.965867009,-0.697072268,0.000000000,0.000000000,0.000000000,0.000000000,-0.036405992,0.175556019,-3.030100107
1706604104.597458,1.000000000,1.000000000,0.325300008,0.766399980,-0.697064505,-0.036402442,0.175579877,-3.030100107,0.325300008,0.766399980,-4.054260042,-4.418389938,0.514617898,-6.186391098,3.143817985,0.242228992,-0.959767010,0.000000000,0.000000000,-1.186391098,0.000000000,0.000000000,0.000000000,0.384128094,-0.000000217,-0.000000012,-0.000172100,-0.000000000,0.000000000,0.000000000,0.000001733,0.000000123,-0.000995985,0.000000000,0.661937007,-0.000000000,0.000000000,-0.000000043,0.000000000,-0.000271698,-0.000000000,0.000000000,0.000000000,0.000000000,0.000000000,0.000000000,0.000000000,0.000000000,0.000000000,0.000000000,-4.054260042,-4.418389938,-6.186391098,2.989174337,0.384128094,-0.959767010,-0.697067022,0.000000000,0.000000000,0.000000000,0.000000000,-0.036403578,0.175572231,-3.030100107
1706604104.697494,1.000000000,1.000000000,0.325300008,0.766399980,-0.697058713,-0.036399770,0.175597818,-3.030100107,0.325300008,0.766399980,-4.037760046,-4.377890060,0.516885583,-6.166390640,3.136667991,0.241078994,-0.959467010,0.000000000,0.000000000,-1.166390640,0.000000000,0.000000000,0.000000000,0.382400595,0.000000200,-0.000000003,-0.000026649,-0.000000000,0.000000000,0.000000000,-0.000001603,0.000000030,-0.002119589,0.000000000,0.655637008,-0.000000000,0.000000000,0.000000040,0.000000000,-0.000238608,-0.000000000,0.000000000,0.000000000,0.000000000,0.000000000,0.000000000,0.000000000,0.000000000,0.000000000,0.000000000,-4.037760046,-4.377890060,-6.166390640,2.983441839,0.382400595,-0.959467010,-0.697066188,0.000000000,0.000000000,0.000000000,0.000000000,-0.036403205,0.175574735,-3.030100107
1706604104.797429,1.000000000,1.000000000,0.325300008,0.766399980,-0.697058883,-0.036399862,0.175597203,-3.030100107,0.325300008,0.766399980,-4.040260008,-4.356390045,0.518938053,-6.139890701,3.127367985,0.239578989,-0.960317010,0.000000000,0.000000000,-1.139890701,0.000000000,0.000000000,0.000000000,0.380988089,-0.000000317,-0.000000010,-0.000045790,-0.000000000,0.000000000,0.000000000,0.000002536,0.000000099,-0.001913458,0.000000000,0.655786993,-0.000000000,0.000000000,-0.000000063,0.000000000,-0.000237136,-0.000000000,0.000000000,0.000000000,0.000000000,0.000000000,0.000000000,0.000000000,0.000000000,0.000000000,0.000000000,-4.040260008,-4.356390045,-6.139890701,2.974894334,0.380988089,-0.960317010,-0.697064817,0.000000000,0.000000000,0.000000000,0.000000000,-0.036402561,0.175579056,-3.030100107
1706604104.997344,1.000000000,1.000000000,0.325300008,0.766399980,-0.697057567,-0.036399238,0.175601388,-3.030100107,0.325300008,0.766399980,-3.970759919,-4.349389694,0.542383532,-6.048889572,3.114168000,0.234378990,-0.958117012,0.000000000,0.000000000,-1.048889572,0.000000000,0.000000000,0.000000000,0.373355588,-0.000000086,0.000000015,-0.000132735,-0.000000000,0.000000000,0.000000000,0.000000690,-0.000000151,-0.001035901,0.000000000,0.630186956,-0.000000000,0.000000000,-0.000000017,0.000000000,-0.000236325,-0.000000000,0.000000000,0.000000000,0.000000000,0.000000000,0.000000000,0.000000000,0.000000000,0.000000000,0.000000000,-3.970759919,-4.349389694,-6.048889572,2.961939361,0.373355588,-0.958117012,-0.697060764,0.000000000,0.000000000,0.000000000,0.000000000,-0.036400702,0.175591558,-3.030100107
1706604105.000598,1.000000000,1.000000000,0.325300008,0.766399980,-0.697053535,-0.036397390,0.175613813,-3.030100107,0.325300008,0.766399980,-3.970759919,-4.349389694,0.542383532,-6.048889572,3.114168000,0.234378990,-0.958117012,0.000000000,0.000000000,-1.048889572,0.000000000,0.000000000,0.000000000,0.373355588,-0.000000000,0.000000000,0.000000000,-0.000000000,0.000000000,0.000000000,0.000000000,-0.000000000,-0.002097779,0.000000000,0.630186956,-0.000000000,0.000000000,-0.000000000,0.000000000,-0.000209778,-0.000000000,0.000000000,0.000000000,0.000000000,0.000000000,0.000000000,0.000000000,0.000000000,0.000000000,0.000000000,-3.970759919,-4.349389694,-6.048889572,2.961939361,0.373355588,-0.958117012,-0.697060764,0.000000000,0.000000000,0.000000000,0.000000000,-0.036400702,0.175591558,-3.030100107
1706604105.097581,1.000000000,1.000000000,0.325300008,0.766399980,-0.697054345,-0.036397762,0.175611312,-3.030100107,0.325300008,0.766399980,-3.917259934,-4.353889511,0.567575997,-5.970889694,3.108318007,0.231228991,-0.956267012,0.000000000,0.000000000,-0.970889694,0.000000000,0.000000000,0.000000000,0.368333088,-0.000000000,0.000000000,0.000000000,-0.000000000,0.000000000,0.000000000,0.000000000,-0.000000000,-0.001941779,0.000000000,0.610636962,-0.000000000,0.000000000,-0.000000000,0.000000000,-0.000194178,-0.000000000,0.000000000,0.000000000,0.000000000,0.000000000,0.000000000,0.000000000,0.000000000,0.000000000,0.000000000,-3.917259934,-4.353889511,-5.970889694,2.955931874,0.368333088,-0.956267012,-0.697060764,0.000000000,0.000000000,0.000000000,0.000000000,-0.036400702,0.175591558,-3.030100107
